event_date,publish_date,title,source,nvda_relevance,nvda_sentiment_score,overall_sentiment_score,url,summary,finbert_local_score
2022-08-09,2022-08-08 16:52:00,"Nvidia is hit by another ‘crypto hangover,’ and that isn’t the only problem",MarketWatch,1.0,-0.444147,-0.257635,https://www.marketwatch.com/story/nvidia-is-hit-by-another-crypto-hangover-and-that-isnt-the-only-problem-11659991965?gaa_at=eafs&gaa_n=AWEtsqeW-cx0JDHRHV3Ks0Ewpgy6BD9JozhLHTJzK5rnnK0qpmuCnHG9JYFw&gaa_ts=69079e81&gaa_sig=N3reemoQ7fRSkIUEelQCOA4MustJFnNvNaSAlRZNSZD7PsWNBz7mGgDdJ1Q9p1gg40nFD-oMmYChTH_MhwzWRw%3D%3D,"Nvidia is facing a ""crypto hangover"" and other issues as the pandemic-era booms in PC sales, videogames, and cryptocurrency decline. The company warned of a $1.4 billion revenue shortfall due to weak gaming equipment sales and excess inventory. Nvidia's stock fell 6.3% on the news, reflecting broader concerns about multiple challenges impacting its core business.",-0.9254774451255798
2022-08-09,2022-08-10 00:00:00,Chipmakers tumble on fears of worst downturn in 10 years,Al Jazeera,0.826207,-0.615213,-0.630879,https://www.aljazeera.com/economy/2022/8/10/chipmakers-tumble-on-fears-of-worst-downturn-in-a-decade,"Semiconductor stocks experienced a significant downturn following Micron Technology Inc.'s warning of slowing demand, raising concerns about the industry heading into a prolonged slump. Analysts believe the sector is entering its worst downturn in a decade, affecting every company and end market. Despite recent shortages and investments, the rapid evaporation of demand has taken experts by surprise, with some companies like Micron already cutting future spending.",-0.9449161291122437
2022-08-09,2022-08-08 21:52:00,Nvidia warns of lower second-quarter revenue on gaming weakness,Reuters,1.0,-0.475902,-0.339082,https://www.reuters.com/technology/nvidia-expects-second-quarter-revenue-drop-gaming-weakness-2022-08-08/,"Nvidia Corp warned of a 19% drop in second-quarter revenue from the prior quarter due to weakness in its gaming business, sending its shares down by about 8%. This follows similar warnings from other chipmakers and is attributed to consumers weighing purchases of discretionary items amidst economic concerns, as well as continued supply chain issues. The company expects to report overall Q2 revenue of approximately $6.70 billion, significantly below analyst estimates.",-0.9700484871864319
2022-08-09,2022-08-11 09:27:48,Thematic Times: Semiconductors Power Thematic Indexes,ETF Database,0.812899,0.305645,0.333031,https://etfdb.com/thematic-investing-content-hub/thematic-times-semiconductors-power-thematic-indexes/,"The article discusses how semiconductor technology drives many thematic investment indexes, particularly after the increased recognition of their importance due to pandemic-related supply issues. It highlights the impact of the newly signed CHIPS and Science Act, which provides significant subsidies to boost domestic chip manufacturing. The piece also explains how various thematic indexes, such as those for electric vehicles, streaming, gaming, and even space technology, are directly or indirectly exposed to the semiconductor industry and stand to benefit from these developments.",0.0
2023-03-22,2023-03-22 01:51:26,AB US Low Volatility Equity ETF Holdings,Quiver Quantitative,0.630443,0.136894,0.126565,https://www.quiverquant.com/etf/AB%20US%20Low%20Volatility%20Equity%20ETF,"This article details the holdings of the AB US Low Volatility Equity ETF (LOWV), which was established on March 22, 2023. The ETF focuses on large- and mid-cap US stocks, actively managed to achieve lower volatility than the broader market. Key holdings include major technology companies like Alphabet, Microsoft, Apple, NVIDIA, and Amazon, alongside diversified investments across various sectors.",0.0
2023-11-01,2023-11-03 08:39:32,"NVDY ETF Analysis: Dividends, Returns AMEX:NVDY",TradingView,0.881204,0.128114,0.134541,https://www.tradingview.com/symbols/AMEX-NVDY/analysis/,"This article provides an in-depth analysis of the YieldMax NVDA Option Income Strategy ETF (NVDY), highlighting its dividends, returns, and operational strategy. NVDY aims to generate monthly income by utilizing a synthetic covered call strategy on Nvidia stock, involving synthetic long exposure, covered call writing, and US Treasuries for collateral. Key financial metrics such as AUM, dividend yield, expense ratio, and recent performance are detailed, along with information on its top holdings and issuer.",0.0
2023-11-01,2023-11-02 19:59:30,Jabil takes on Intel's silicon photonics transceiver module business,Optics.org,0.647817,0.306561,0.302348,https://optics.org/news/14/11/3,"Jabil has acquired Intel's silicon photonics pluggable transceiver module business, integrating it into Jabil Photonics to expand its presence in the data center supply chain. This move allows Intel to focus on higher-value silicon photonics components for AI infrastructure, as part of its broader cost-cutting and portfolio optimization strategy. The acquisition aims to better position Jabil to address evolving data center demands, particularly those driven by artificial intelligence.",0.0
2023-11-01,2023-11-02 00:00:00,"Raspberry Pi Receives Strategic Investment from Arm, Further Extending Long-Term Partnership",Arm Newsroom,0.551857,0.218567,0.419345,https://newsroom.arm.com/news/raspberry-pi-investment,"Arm Holdings plc has made a strategic minority investment in Raspberry Pi Ltd, deepening their partnership that began in 2008. This investment aims to further enable the Internet of Things (IoT) developer community with low-cost, high-performance computing solutions built on Arm technology, particularly as edge compute and AI applications grow. Both companies share a vision to democratize technology and remove barriers to entry for innovation across various user groups.",0.9430700540542603
2023-11-01,2023-11-01 20:36:00,"Super Micro stock has surged this year, but investors may be overlooking a risk",MarketWatch,0.81866,0.299215,0.170901,https://www.marketwatch.com/story/this-nvidia-partner-has-seen-its-stock-surge-200-this-year-but-investors-may-be-overlooking-a-risk-75f0d9b0?gaa_at=eafs&gaa_n=AWEtsqfN2jfNIPgHPEirtbAkUIpmEymfu3yGINjwfIuoElHeZbLTtK_6R-yv&gaa_ts=69077e95&gaa_sig=HfgcXAo_veXRfwRyCMp_DWKM3RWX_HOeXqT6l0r8Mn1zlM3TOfBU5zzOj4g-2nRh4rIDsuVdiAgxFP97lRSl1w%3D%3D,"Super Micro Computer Inc., a partner of Nvidia, has seen its stock surge over 200% this year, fueled by AI-ready server sales. The company reported fiscal first-quarter revenue of $2.12 billion and raised its annual guidance to between $10 billion and $11 billion. However, investors are cautioned that the company's increasing reliance on AI-related server sales (now over half its revenue) could pose a risk.",-0.4927356243133545
2023-11-01,2023-11-03 11:45:00,"Fortinet (FTNT) Q3 Earnings Beat Expectations, Sales Miss",Nasdaq,0.648123,0.415837,0.308135,https://www.nasdaq.com/articles/fortinet-ftnt-q3-earnings-beat-expectations-sales-miss,"Fortinet (FTNT) reported mixed third-quarter 2023 results, with non-GAAP earnings per share of 41 cents surpassing the Zacks Consensus Estimate of 37 cents, an improvement of 41.4% year-over-year. However, total revenues of $1.33 billion missed the consensus mark by 1% despite a 16.1% year-over-year increase, driven by strong demand from small enterprise customers. The company provided guidance for Q4 and the full year 2023, while several analyst recommendations were mentioned.",0.9437347650527954
2023-11-01,2023-11-01 13:09:26,How To Give Your Passive Investing Approach Some Much-Needed Oomph,Finimize,0.60111,0.500178,0.483849,https://finimize.com/content/how-give-your-passive-investing-approach-some-much-needed-oomph,"This article explores factor investing, also known as ""smart beta,"" as a way to enhance passive investing strategies. It discusses the performance of five popular factors—value, quality, momentum, minimum volatility, and size—highlighting quality as the best performer over the past five years. The piece also suggests considering multifactor ETFs like the iShares US Equity Factor ETF (LRGF) for diversified exposure to these factors.",0.0
2023-11-01,2023-11-01 03:30:00,Will AI Spark a Boom in Data Centre Real Estate?,CMC Markets,0.735777,0.412982,0.280618,https://www.cmcmarkets.com/en-au/opto/will-ai-spark-a-boom-in-data-centre-real-estate,"The article discusses how the rise of AI and other disruptive technologies is driving an increase in demand for data centers, potentially tripling global capacity in six years. It highlights data center real estate stocks, such as Digital Realty Trust and Global X's Data Centre REITs & Digital Infrastructure ETF, as a focused investment opportunity, noting their inflation-resistant nature and tax benefits. The article also touches on the geographical shift in data center placement, with growth in less expensive locations like the US Midwest.",0.0
2023-11-01,2023-11-01 19:42:43,Automotive Digitalization Sparks Big Growth For Chips And Design Tools,Forbes,0.716905,0.312516,0.357089,https://www.forbes.com/sites/davealtavilla/2023/11/01/automotive-digitalization-sparks-big-growth-for-chips-and-design-tools/,"The automotive industry is experiencing significant growth in semiconductor dependency due to innovations like autonomous driving, advanced driver-assist features, and infotainment systems. This surge is driven by the adoption of a ""software-defined vehicle"" concept and a scalable, zonal digital chassis architecture. Companies like Cadence Design Systems are playing a crucial role by providing tools for chip design, system modeling, simulation, and multiphysics analysis to support this technological transformation.",0.8644730448722839
2023-11-01,2023-11-01 15:26:00,AMD soars as AI chip sales prediction bodes well for rivalry with Nvidia,Reuters,0.828656,0.338511,0.37934,https://www.reuters.com/technology/amd-rises-ai-chip-sales-prediction-bodes-well-rivalry-with-nvidia-2023-11-01/,"Advanced Micro Devices (AMD) shares jumped 8% after CEO Lisa Su provided an upbeat 2024 sales forecast of over $2 billion for its MI300 AI chips, positioning AMD as a clear second source to Nvidia in the AI accelerator market. This prediction helped alleviate concerns about a disappointing fourth-quarter forecast despite at least 18 analysts cutting price targets due to conservative forecasts and weakness in other AMD markets. The MI300 is set to become AMD's fastest product to reach $1 billion in sales, having secured commitments from multiple large hyperscale customers.",0.9405959248542786
2024-02-08,2024-02-07 11:06:00,Morgan Stanley hikes Nvidia price target ahead of earnings: 'AI demand continues to surge',CNBC,1.0,0.402617,0.378213,https://www.cnbc.com/2024/02/07/morgan-stanley-hikes-nvidia-price-target-ahead-of-earnings-ai-demand-continues-to-surge.html,"Morgan Stanley has increased its price target for Nvidia to $750 from $603, reiterating an overweight rating, citing strong near-term demand for AI processors. This new target suggests a 10% upside for the AI chipmaker, which has seen its stock surge significantly recently. Analyst Joseph Moore notes that while there are concerns about sustainability, the current AI demand remains robust.",0.7294409871101379
2024-02-08,2024-02-08 16:44:17,"Protein Analyzer Market revenue to hit USD 6 Billion by 2033, says Research Nester",GlobeNewswire,0.65944,0.310706,0.322116,https://www.globenewswire.com/news-release/2024/02/08/2825827/0/en/Protein-Analyzer-Market-revenue-to-hit-USD-6-Billion-by-2033-says-Research-Nester.html?utm_expid=61232524-5.L-xZGH_sRw6djtd4CZ9qqg.1page%2F13%2F,"The global protein analyzer market is projected to reach USD 6 billion by 2033, growing at a CAGR of over 8% from 2023, driven by changing lifestyles, increased consumption of specific beverages, and a rise in diagnostic tests. Key growth factors include the surging demand for protein supplements globally, particularly in North America, and the enhanced production of animal feed and fertilizers in the Asia Pacific region. The DUMAS technique is expected to hold the largest market share due to its efficiency and safety, while protein analysis services and kits will also see significant growth.",0.8974162936210632
2024-03-13,2024-03-13 00:00:00,These Bad Habits Hold Investors Back From Peak Performance,Morningstar,0.880889,0.267464,0.250705,https://www.morningstar.com/financial-advisors/these-bad-habits-hold-investors-back-peak-performance,"This article discusses how common investor bad habits, such as poorly timed buying and selling decisions driven by emotion and excessive activity, lead to underperformance compared to funds. It highlights the ""behavior gap"" and advises investors to focus on good habits and long-term goals rather than reacting to short-term market noise, political turbulence, or fear of missing out on high-performing stocks.",-0.8555322289466858
2024-08-01,2024-08-02 21:12:00,Intel shares slump 26% as turnaround struggle deepens,Reuters,0.601001,-0.208505,-0.598976,https://www.reuters.com/technology/intel-shares-set-fall-most-24-years-it-struggles-with-turnaround-2024-08-02/,"Intel's shares dropped 26% in their worst day since 1974 after the company suspended its dividend and announced a 15% workforce reduction to fund a costly turnaround strategy. The move, aimed at catching up with competitors like TSMC, resulted in a market value loss of over $30 billion. The disappointing forecast and job cuts have deepened investor concerns about Intel's ability to regain its once-dominant position in the chip manufacturing industry.",-0.9680330753326416
2024-08-01,2024-08-02 04:38:00,"Intel has worst day on Wall Street in 50 years, falls to lowest price in over a decade",CNBC,0.630154,-0.331656,-0.396144,https://www.cnbc.com/2024/08/02/intel-share-plunge-drags-down-global-chip-stocks-from-tsmc-to-samsung.html,"Intel's shares experienced their largest drop since 1974, plummeting 26% to their lowest price since 2013, after the chipmaker reported a significant earnings miss and announced a restructuring that includes laying off over 15% of its workforce. This downturn dragged down other global chip stocks like TSMC and Samsung, and contributed to a 2.4% drop in the Nasdaq. The company also reported a net loss of $1.61 billion, missed revenue expectations, and suspended its dividend, implementing a $10 billion cost-reduction plan.",-0.9539780020713806
2024-08-01,2024-07-31 12:39:00,Meta Platforms ahead of Q2 2024 earnings📊 What to expect?🔎,XTB.com,0.611316,0.107671,0.123759,https://www.xtb.com/en/market-analysis/meta-platforms-ahead-of-q2-2024-earnings-what-to-expect,"Meta Platforms is set to report its Q2 2024 earnings, with investors keenly focused on the health of its advertising segment, the impact of new AI products, and the company's margins amid high capital expenditures. Analysts expect revenues of $38.29 billion and EPS of $4.70, with particular attention on how AI translates into business growth and the potential benefits from a TikTok ban in the US. The market will also scrutinize Reality Labs' estimated operating loss and Meta's capital spending forecasts.",0.0
2025-02-02,2025-02-04 13:15:00,Intel Announces Another 58 Layoffs For Folsom Campus,Folsom Times,0.605989,-0.106753,-0.187238,https://folsomtimes.com/intel-announces-another-58-layoffs-for-folsom-campus/,"Intel has announced an additional 58 layoffs at its Folsom campus, continuing its cost-cutting measures due to stagnant sales and increased competition. This new round of job cuts, expected by March 31, follows previous significant reductions, with the Folsom workforce decreasing from over 6,000 in 2018 to under 4,000. The company is also planning to sell its 150-acre Folsom campus in a sale-leaseback deal as part of its broader restructuring efforts and aims to cut approximately 15,000 jobs globally.",-0.9574732780456543
2025-02-02,2025-02-04 05:16:10,1 ETF to Buy Hand Over Fist If You Believe in Elon Musk's Vision for America,The Globe and Mail,0.654012,0.293839,0.321909,https://www.theglobeandmail.com/investing/markets/stocks/MSFT/pressreleases/30761438/1-etf-to-buy-hand-over-fist-if-you-believe-in-elon-musks-vision-for-america/,"The article suggests investing in the Vanguard S&P 500 ETF (VOO) as a way to capitalize on Elon Musk's vision for a tech-powered American economy, especially given his new role in the Department of Government Efficiency. VOO offers diversified exposure to leading tech companies, aligning with pro-tech policies and significant investments in AI infrastructure by the current administration. The ETF is highlighted for its strong performance, low fees, and holdings in major tech giants.",0.0
2025-02-02,2025-02-03 07:35:48,Trump Pauses Tariffs on Mexico; DJIA Closes Down Only 122 Pts; Nasdaq Still Lags with 1%+ Drop,AASTOCKS.com,0.737053,-0.437064,-0.229929,https://www.aastocks.com/en/usq/quote/stock-news-content.aspx?symbol=F&id=NOW.1414523&source=AAFN,"US President Donald Trump postponed new tariffs on Mexico for a month after reaching an agreement on border troops, which slowed but didn't halt a stock market decline. The DJIA closed down 122 points, while the S&P 500 slipped 0.8% and the Nasdaq saw the steepest decline at 1.2%. The iShares MSCI Mexico ETF (EWW.US) rebounded, and major tech stocks like Tesla, Nvidia, and Apple saw losses narrow slightly.",-0.9688735604286194
2025-02-02,2025-02-03 00:00:00,Technology in 2025: The Cycle Rolls On,Goldman Sachs Asset Management,0.621478,0.339145,0.307207,https://am.gs.com/en-no/advisors/insights/article/2025/technology-in-2025-the-cycle-rolls-on,"Goldman Sachs Asset Management foresees a broadening tech cycle in 2025 beyond the ""Magnificent 7,"" driven by AI advancements. They anticipate significant investment opportunities in hyperscalers, software companies benefiting from AI, and ASIC semiconductor firms, emphasizing the role of active management to identify growth and manage risk. The article highlights sustained tech spending trends and optimism for ROI among hyperscalers despite large capital expenditures.",0.0
2025-02-02,2025-02-04 02:57:41,AI to drive 165% increase in data center power demand by 2030,Goldman Sachs,0.883593,0.431024,0.26947,https://www.goldmansachs.com/insights/articles/ai-to-drive-165-increase-in-data-center-power-demand-by-2030,"Goldman Sachs Research anticipates a significant surge in global data center power demand, projecting a 50% increase by 2027 and up to 165% by 2030 compared to 2023, primarily driven by the expansion of artificial intelligence. This growth will strain infrastructure, necessitating substantial investment in the electric grid and potentially affecting supply-demand balance for data centers, with occupancy rates expected to peak around 95% in late 2026 before moderating. The market expansion presents diverse investment opportunities across hyperscalers, asset managers, utilities, and data center operators.",0.8956030607223511
