event_date,avg_ai_sentiment,num_ai_articles,avg_nvda_relevance
2022-11-30 00:00:00,0.5412896551724138,29,0.3427625862068966
2022-12-01 05:28:08,0.9118,1,0.0
2022-12-01 05:54:28,0.7906,1,0.0
2022-12-01 14:55:00,0.8225,1,0.0
2022-12-02 06:30:00,0.6943,1,0.0
2022-12-05 18:26:41,-0.4588,1,0.0
2022-12-06 05:44:49,-0.6705,1,0.0
2022-12-07 05:23:05,0.802,1,0.0
2022-12-07 18:26:41,-0.7964,1,0.0
2022-12-08 05:33:56,-0.7579,1,0.0
2022-12-08 05:45:03,0.91,1,0.0
2022-12-08 18:06:53,0.9042,1,0.0
2022-12-09 17:46:17,0.5859,1,0.0
2022-12-13 17:46:17,0.6124,1,0.0
2022-12-14 05:27:02,0.8481,1,0.0
2022-12-14 05:29:30,-0.1796,1,0.0
2022-12-14 08:05:00,0.9062,1,0.0
2022-12-15 17:46:33,0.9677,1,0.0
2022-12-18 17:46:15,0.9001,1,0.0
2022-12-19 17:55:59,0.7717,1,0.0
2022-12-27 18:37:00,0.8519,1,0.0
2022-12-31 23:59:59,0.79355,2,0.0
2023-01-03 03:59:02,0.25,1,0.0
2023-01-03 04:22:18,0.9524,1,0.0
2023-01-03 09:00:00,0.8834,1,0.0
2023-01-09 04:55:56,0.8546,1,0.0
2023-01-10 04:18:37,0.8519,1,0.0
2023-01-10 04:25:42,0.796,1,0.0
2023-01-10 04:34:43,0.9432,1,0.0
2023-01-12 04:52:00,-0.6601,1,0.0
2023-02-27 04:02:00,0.6486,1,0.0
2023-03-01 02:35:09,0.6908,1,0.564977
2023-03-02 02:37:39,0.8625,1,0.0
2023-03-03 02:44:02,0.8,1,0.0
2023-03-06 02:36:14,0.9062,1,0.0
2023-03-06 02:53:02,0.836,1,0.0
2023-03-14 02:29:09,0.969,1,0.0
2023-03-15 02:45:06,-0.6249,1,0.0
2023-03-28 02:44:02,0.7269,1,0.0
2023-03-28 02:44:22,0.9452,1,0.0
2023-03-28 02:53:02,-0.6124,1,0.0
2023-03-31 02:55:50,0.9136,1,0.649367
2023-04-12 02:10:01,0.7351,1,0.0
2023-04-18 02:13:07,-0.6106,1,0.0
2023-04-19 02:13:07,0.9746,1,0.0
2023-04-20 14:49:49,0.5629,1,0.0
2023-04-25 01:51:59,0.9477,1,0.0
2023-04-28 07:55:00,0.9545,1,0.0
2023-05-22 00:00:00,0.3182,1,0.610327
2023-05-23 00:00:00,0.8689,1,0.616944
2023-05-23 23:39:34,0.9062,1,0.627426
2023-05-24 00:00:00,0.6851173333333334,150,0.6783561933333333
2023-05-24 08:23:00,-0.584,1,0.639416
2023-05-28 00:38:45,0.9698,1,0.60587
2023-05-31 12:45:00,0.7844,1,0.733996
2023-06-01 19:59:53,0.8225,1,0.622874
2023-06-08 15:11:14,0.8131,1,0.649185
2023-06-13 06:28:50,0.7906,1,0.606552
2023-06-13 14:10:15,0.802,1,0.615826
2023-06-13 15:20:35,0.8074,1,0.704852
2023-06-16 15:09:49,0.2023,1,0.613513
2023-06-21 07:08:55,0.9274,1,0.60307
2023-06-28 20:35:00,0.875,1,0.551464
2023-06-29 15:26:27,0.9744,1,0.930134
2023-06-30 00:00:00,0.9825,1,0.639704
2023-06-30 00:29:21,0.9217,1,0.621136
2023-06-30 23:59:02,0.8765,1,0.715085
2023-07-03 15:25:20,0.9331,1,0.624262
2023-10-25 20:41:51,0.8176,1,0.0
2023-10-30 20:57:33,0.9081,1,0.730349
2023-11-10 20:05:00,0.9313,1,0.0
2023-12-06 00:00:00,0.6518066666666666,45,0.1035548
2023-12-07 15:10:56,0.6369,1,0.0
2024-02-12 16:56:47,0.836,1,0.0
2024-02-13 12:18:00,0.9042,1,0.0
2024-02-13 13:01:00,0.6597,1,0.0
2024-02-15 17:10:15,0.34,1,0.0
2024-02-21 00:00:00,0.9153,1,0.0
2024-02-21 11:30:00,0.7964,1,0.0
2024-02-22 00:00:00,0.9432,1,0.0
2024-02-23 00:00:00,0.9666,1,0.0
2024-02-27 17:01:14,0.891,1,0.0
2024-02-27 17:39:30,0.9353,1,0.0
2024-02-29 17:15:40,0.4767,1,0.0
2024-03-12 00:51:29,0.4404,1,0.0
2024-03-12 12:05:00,0.7964,1,0.718176
2024-03-12 16:17:17,0.9794,1,0.0
2024-03-14 16:07:03,0.8376,1,0.0
2024-03-14 16:23:44,0.1779,1,0.0
2024-03-14 16:37:41,0.8176,1,0.0
2024-03-17 16:37:05,0.6369,1,0.613536
2024-03-18 00:00:00,0.70865,4,0.64168025
2024-03-19 00:00:00,0.9062,1,0.61382
2024-03-20 16:21:36,0.9001,1,0.619632
2024-03-21 16:24:19,-0.0258,1,0.0
2024-03-22 00:00:00,0.9273,1,0.0
2024-03-22 15:40:14,0.6808,1,0.0
2024-03-25 00:00:00,0.5267,1,0.707129
2024-03-26 00:00:00,0.8442,1,0.850501
2024-03-28 18:01:00,0.9349,1,0.0
2024-04-02 00:00:00,0.9686,1,0.0
2024-04-03 15:34:48,0.6908,1,0.634748
2024-04-05 00:00:00,0.6705,1,0.0
2024-04-08 15:33:49,0.8779,1,0.68231
2024-04-09 00:00:00,0.5267,1,0.0
2024-04-17 14:33:45,0.5423,1,0.836081
2024-04-17 15:27:29,0.802,1,0.603791
2024-04-18 00:00:00,0.117225,20,0.0743097
2024-04-19 15:33:49,0.7269,1,0.605783
2024-04-19 20:09:37,0.3612,1,0.0
2024-04-22 00:00:00,0.9058,1,0.0
2024-04-24 00:00:00,0.9382,1,0.607132
2024-04-25 15:34:47,0.8979,1,0.576814
2024-04-29 20:24:00,0.9081,1,0.562607
2024-04-30 00:00:00,0.9062,1,0.894327
2024-04-30 14:26:53,0.9297,1,0.0
2024-05-06 05:00:00,0.965,1,0.0
2024-05-22 14:18:55,0.7096,1,0.0
2024-05-29 00:00:00,0.9287,1,0.0
2024-12-29 07:00:00,-0.7581,1,0.0
2024-12-31 03:53:28,0.9545,1,0.0
2024-12-31 23:59:59,0.719895652173913,23,0.0896956956521739
2025-01-06 05:57:29,0.9792,1,0.629491
2025-01-06 09:00:00,0.7184,1,0.550253
2025-01-07 05:22:22,0.7351,1,0.0
2025-01-07 06:32:13,0.8225,1,0.0
2025-01-09 05:35:05,0.4939,1,0.0
2025-01-10 21:53:00,0.9468,1,0.0
2025-01-13 06:15:49,0.8442,1,0.970168
2025-01-20 00:00:00,0.37410000000000004,3,0.2681983333333333
2025-02-14 04:01:32,0.7579,1,0.625088
2025-02-17 04:37:57,0.955,1,0.710006
2025-02-18 04:01:32,0.8126,1,0.572463
2025-02-21 05:13:40,0.4588,1,0.622181
2025-02-24 03:58:51,-0.2732,1,0.629976
2025-02-25 05:03:26,0.9042,1,0.748831
2025-02-25 05:08:23,0.9081,1,0.646886
2025-02-26 09:17:00,0.9372,1,0.623128
2025-02-26 11:12:00,0.9477,1,0.645777
2025-02-28 00:00:00,0.3612,1,0.62541
2025-03-03 15:38:00,0.8074,1,0.64857
2025-03-03 16:51:36,0.8934,1,0.602498
2025-03-05 11:58:00,0.5423,1,0.634703
2025-03-06 00:09:52,0.9287,1,0.627946
2025-03-06 03:43:00,0.9081,1,0.577836
2025-04-02 17:22:00,0.34,1,0.0
2025-04-03 11:52:21,0.8555,1,0.611982
2025-04-03 20:09:40,0.0,1,0.0
2025-04-04 10:40:00,-0.7003,1,0.744839
2025-04-08 01:58:08,0.8402,1,0.0
2025-04-09 00:00:00,0.0,1,0.0
2025-04-09 01:58:08,0.7351,1,0.0
2025-04-11 14:02:00,0.88845,2,0.0
2025-04-16 07:31:00,0.9393,1,0.0
2025-04-18 01:51:33,0.9287,1,0.0
2025-04-22 01:59:52,0.9726,1,0.0
2025-04-23 02:16:19,0.4936,1,0.742403
2025-04-25 02:24:16,0.836,1,0.0
2025-04-25 04:51:57,0.7783,1,0.0
2025-04-25 18:52:09,0.8834,1,0.0
2025-04-26 02:28:29,-0.2023,1,0.0
2025-04-28 01:51:13,0.936,1,0.0
2025-04-30 01:51:29,0.9723,1,0.0
2025-04-30 02:25:07,0.4939,1,0.0
2025-05-03 11:44:00,0.8442,1,0.0
2025-05-04 07:02:00,0.7096,1,0.0
2025-05-06 00:16:11,0.9595,1,0.0
2025-05-06 22:20:00,0.5132,1,0.0
2025-05-06 23:49:11,0.9413,1,0.0
2025-05-07 00:30:54,0.886,1,0.0
2025-05-07 17:40:42,0.5267,1,0.0
2025-11-08 04:42:24,0.9678,1,0.627866
2025-11-08 05:21:03,0.0516,1,0.0
2025-11-08 08:26:00,0.9485,1,0.0
2025-11-08 09:30:00,0.8225,1,0.72553
2025-11-08 21:09:55,0.9022,1,0.61142
2025-11-09 08:38:47,0.9217,1,0.0
2025-11-09 20:08:49,0.9246,1,0.0
2025-11-10 08:46:35,-0.5106,1,0.0
2025-11-10 12:45:55,0.6705,1,0.0
2025-11-10 12:45:57,0.9403,1,0.0
2025-11-10 16:30:00,0.91,1,0.0
2025-11-10 16:38:44,0.8625,1,0.0
2025-11-10 16:46:42,0.7096,1,0.0
2025-11-10 18:13:00,0.9371,1,0.0
2025-11-10 20:58:00,0.4588,1,0.579825
2025-11-10 21:46:10,0.4588,1,0.0
2025-11-11 17:23:00,0.891,1,0.843753
2025-11-11 22:46:31,0.9577,1,0.0
2025-11-12 06:09:19,0.5859,1,0.0
2025-11-12 16:14:49,0.743,1,0.0
2025-11-12 20:09:35,0.3597,1,0.737177
2025-11-13 15:51:47,-0.3612,1,0.0
2025-11-14 06:09:21,0.7902,1,0.0
2025-11-14 20:21:48,0.2732,1,0.628468
2025-11-14 22:21:49,0.5106,1,0.0
