event_date,avg_ai_sentiment,num_ai_articles,avg_nvda_relevance,CAR-1,CAR0,CAR1,CAR2
2022-11-30 00:00:00,0.5412896551724138,29,0.3427625862068966,-0.004309062441382849,0.03248460988855739,0.04378494571248526,0.03265254405660867
2022-12-01 05:28:08,0.9118,1,0.0,0.03679367232994024,0.048094008153868106,0.03696160649799152,0.03798306203174939
2022-12-01 05:54:28,0.7906,1,0.0,0.03679367232994024,0.048094008153868106,0.03696160649799152,0.03798306203174939
2022-12-01 14:55:00,0.8225,1,0.0,0.03679367232994024,0.048094008153868106,0.03696160649799152,0.03798306203174939
2022-12-02 06:30:00,0.6943,1,0.0,0.011300335823927865,0.0001679341680512758,0.0011893897018091515,-0.015597592945995387
2022-12-05 18:26:41,-0.4588,1,0.0,-0.01113240165587659,-0.010110946122118714,-0.02689792876992325,-0.014495978590926883
2022-12-06 05:44:49,-0.6705,1,0.0,0.0010214555337578757,-0.015765527114046662,-0.003363576935050294,0.049876235128770596
2022-12-07 05:23:05,0.802,1,0.0,-0.016786982647804538,-0.00438503246880817,0.04885477959501272,0.04544611317487535
2022-12-07 18:26:41,-0.7964,1,0.0,-0.016786982647804538,-0.00438503246880817,0.04885477959501272,0.04544611317487535
2022-12-08 05:33:56,-0.7579,1,0.0,0.012401950178996368,0.06564176224281726,0.062233095822679885,0.08109175321131457
2022-12-08 05:45:03,0.91,1,0.0,0.012401950178996368,0.06564176224281726,0.062233095822679885,0.08109175321131457
2022-12-08 18:06:53,0.9042,1,0.0,0.012401950178996368,0.06564176224281726,0.062233095822679885,0.08109175321131457
2022-12-09 17:46:17,0.5859,1,0.0,0.05323981206382089,0.049831145643683517,0.0686898030323182,0.08856433292374732
2022-12-13 17:46:17,0.6124,1,0.0,0.01885865738863468,0.03873318728006381,0.024123471020881415,0.016848895675179665
2022-12-14 05:27:02,0.8481,1,0.0,0.019874529891429127,0.005264813632246734,-0.002009761713455016,-0.014949905564821009
2022-12-14 05:29:30,-0.1796,1,0.0,0.019874529891429127,0.005264813632246734,-0.002009761713455016,-0.014949905564821009
2022-12-14 08:05:00,0.9062,1,0.0,0.019874529891429127,0.005264813632246734,-0.002009761713455016,-0.014949905564821009
2022-12-15 17:46:33,0.9677,1,0.0,-0.014609716259182393,-0.021884291604884143,-0.034824435456250136,-0.03990114298424696
2022-12-18 17:46:15,0.9001,1,0.0,-0.012940143851365993,-0.01801685137936282,-0.0276356356897971,-0.016278948069489818
2022-12-19 17:55:59,0.7717,1,0.0,-0.012940143851365993,-0.01801685137936282,-0.0276356356897971,-0.016278948069489818
2022-12-27 18:37:00,0.8519,1,0.0,-0.010919914377045536,-0.06813505767575456,-0.06095170312176479,-0.044930959760909994
2022-12-31 23:59:59,0.79355,2,0.0,0.0013540559287665843,-0.012346256269495925,0.013207133096199697,-0.003953925604173625
2023-01-03 03:59:02,0.25,1,0.0,0.0013540559287665843,-0.012346256269495925,0.013207133096199697,-0.003953925604173625
2023-01-03 04:22:18,0.9524,1,0.0,0.0013540559287665843,-0.012346256269495925,0.013207133096199697,-0.003953925604173625
2023-01-03 09:00:00,0.8834,1,0.0,0.0013540559287665843,-0.012346256269495925,0.013207133096199697,-0.003953925604173625
2023-01-09 04:55:56,0.8546,1,0.0,0.014039007195610465,0.059318825460006996,0.06883496466106998,0.05731761359205545
2023-01-10 04:18:37,0.8519,1,0.0,0.04527981826439653,0.05479595746545951,0.043278606396444985,0.0697472099837908
2023-01-10 04:25:42,0.796,1,0.0,0.04527981826439653,0.05479595746545951,0.043278606396444985,0.0697472099837908
2023-01-10 04:34:43,0.9432,1,0.0,0.04527981826439653,0.05479595746545951,0.043278606396444985,0.0697472099837908
2023-01-12 04:52:00,-0.6601,1,0.0,-0.011517351069014525,0.014951252518331293,0.0315699315012441,0.07705913061571423
2023-02-27 04:02:00,0.6486,1,0.0,0.0007703950708988216,0.0028421605092989743,-0.007992359644956482,-0.022265185615076954
2023-03-01 02:35:09,0.6908,1,0.564977,-0.010834520154255456,-0.02510734612437593,-0.006244021383364662,-0.0022121307150752
2023-03-02 02:37:39,0.8625,1,0.0,-0.014272825970120473,0.004590498770890794,0.008622389439180256,-0.006576242961806034
2023-03-03 02:44:02,0.8,1,0.0,0.018863324741011267,0.02289521540930073,0.007696583008314439,0.008837144519968643
2023-03-06 02:36:14,0.9062,1,0.0,0.004031890668289462,-0.011166741732696828,-0.010026180221042624,0.023325138819233704
2023-03-06 02:53:02,0.836,1,0.0,0.004031890668289462,-0.011166741732696828,-0.010026180221042624,0.023325138819233704
2023-03-14 02:29:09,0.969,1,0.0,-0.007373065963627301,0.017413310443069596,0.019024533612860717,0.04685737700560422
2023-03-15 02:45:06,-0.6249,1,0.0,0.024786376406696897,0.026397599576488018,0.05423044296923152,0.066160516315667
2023-03-28 02:44:02,0.7269,1,0.0,-0.002409457409281335,-0.0016585715788481892,0.0018416536134957529,0.007162945138754262
2023-03-28 02:44:22,0.9452,1,0.0,-0.002409457409281335,-0.0016585715788481892,0.0018416536134957529,0.007162945138754262
2023-03-28 02:53:02,-0.6124,1,0.0,-0.002409457409281335,-0.0016585715788481892,0.0018416536134957529,0.007162945138754262
2023-03-31 02:55:50,0.9136,1,0.649367,0.005321291525258509,0.0030790690626820716,0.012277710228441263,-0.0026577336635028592
2023-04-12 02:10:01,0.7351,1,0.0,-0.008448734297756277,-0.02442271648074379,-0.04521252870841419,-0.03218486755225436
2023-04-18 02:13:07,-0.6106,1,0.0,0.008271263811999052,0.032836468879146485,0.042849048833801806,0.02086443218472167
2023-04-19 02:13:07,0.9746,1,0.0,0.024565205067147433,0.034577785021802754,0.012593168372722618,0.012103522188778526
2023-04-20 14:49:49,0.5629,1,0.0,0.01001257995465532,-0.011972036694424815,-0.012461682878368907,-0.013216398700229282
2023-04-25 01:51:59,0.9477,1,0.0,-0.0007547158218603744,-0.011511728618119554,0.009670814923439353,-0.007503368364654706
2023-04-28 07:55:00,0.9545,1,0.0,-0.017174183288094058,-0.004863374828113054,0.038122894149110964,0.02263141917446565
2023-05-22 00:00:00,0.3182,1,0.610327,-0.010815663219917782,-0.016988354012192786,-0.019965245217929972,-0.01972336599915636
2023-05-23 00:00:00,0.8689,1,0.616944,-0.006172690792275004,-0.00914958199801219,-0.00890770277923858,0.21045534222628448
2023-05-23 23:39:34,0.9062,1,0.627426,-0.006172690792275004,-0.00914958199801219,-0.00890770277923858,0.21045534222628448
2023-05-24 00:00:00,0.6851173333333334,150,0.6783561933333333,-0.0029768912057371866,-0.002735011986963576,0.21662803301855948,0.21651240612478828
2023-05-24 08:23:00,-0.584,1,0.639416,-0.0029768912057371866,-0.002735011986963576,0.21662803301855948,0.21651240612478828
2023-05-28 00:38:45,0.9698,1,0.60587,-0.0001156268937712035,0.02526243090485103,-0.025819173719192623,0.013799936672169721
2023-05-31 12:45:00,0.7844,1,0.733996,0.025378057798622233,-0.02570354682542142,0.013915563565940925,-0.004723658453406943
2023-06-01 19:59:53,0.8225,1,0.622874,-0.05108160462404365,-0.011462494232681308,-0.030101716252029176,-0.03477295070300812
2023-06-08 15:11:14,0.8131,1,0.649185,-0.013435630109451036,0.0017695545906742938,0.004698348923441231,0.00616591986914472
2023-06-13 06:28:50,0.7906,1,0.606552,0.0014675709457034891,0.03278871526711047,0.07366623177813292,0.05374981115624344
2023-06-13 14:10:15,0.802,1,0.615826,0.0014675709457034891,0.03278871526711047,0.07366623177813292,0.05374981115624344
2023-06-13 15:20:35,0.8074,1,0.704852,0.0014675709457034891,0.03278871526711047,0.07366623177813292,0.05374981115624344
2023-06-16 15:09:49,0.2023,1,0.613513,-0.019916420621889475,-0.012709226042940225,0.014862999485371065,0.011073806715020562
2023-06-21 07:08:55,0.9274,1,0.60307,0.02757222552831129,0.023783032757960787,0.011519486705094728,0.002467141202226797
2023-06-28 20:35:00,0.875,1,0.551464,0.013422032211590329,-0.006654357887912132,-0.011826565345582907,0.00900828996895564
2023-06-29 15:26:27,0.9744,1,0.930134,-0.02007639009950246,-0.025248597557173236,-0.004413742242634688,-0.004144854985819402
2023-06-30 00:00:00,0.9825,1,0.639704,-0.005172207457670774,0.015662647856867773,0.01593153511368306,0.013695334293983397
2023-06-30 00:29:21,0.9217,1,0.621136,-0.005172207457670774,0.015662647856867773,0.01593153511368306,0.013695334293983397
2023-06-30 23:59:02,0.8765,1,0.715085,-0.005172207457670774,0.015662647856867773,0.01593153511368306,0.013695334293983397
2023-07-03 15:25:20,0.9331,1,0.624262,0.020834855314538547,0.021103742571353834,0.01886754175165417,0.021426092053371648
2023-10-25 20:41:51,0.8176,1,0.0,0.006281057128232792,-0.012391783021018066,-0.028102915348548696,-0.028589102495608976
2023-10-30 20:57:33,0.9081,1,0.730349,-0.00048618714706027966,0.004569483187437884,-0.009468977610433527,0.011060362237618193
2023-11-10 20:05:00,0.9313,1,0.0,0.015768696445824015,0.022785944008194225,0.0318009023640583,0.031582609130111794
2023-12-06 00:00:00,0.6518066666666666,45,0.1035548,0.020782620585249933,0.0037384489250842368,0.013786851558851287,0.028859666884639923
2023-12-07 15:10:56,0.6369,1,0.0,-0.017044171660165697,-0.006995769026398646,0.00807704629938999,-0.018967878894014523
2024-02-12 16:56:47,0.836,1,0.0,0.025940559261133034,0.03144746770938356,0.04538345244908193,0.059053765783382506
2024-02-13 12:18:00,0.9042,1,0.0,0.005506908448250525,0.019442893187948895,0.03311320652224947,0.013328825353147944
2024-02-13 13:01:00,0.6597,1,0.0,0.005506908448250525,0.019442893187948895,0.03311320652224947,0.013328825353147944
2024-02-15 17:10:15,0.34,1,0.0,0.013670313334300577,-0.006114067834800951,0.002334359324252522,-0.0336498166817385
2024-02-21 00:00:00,0.9153,1,0.0,-0.03598417600599102,-0.060491090454492746,0.07424207188793208,0.08073922948174217
2024-02-21 11:30:00,0.7964,1,0.0,-0.03598417600599102,-0.060491090454492746,0.07424207188793208,0.08073922948174217
2024-02-22 00:00:00,0.9432,1,0.0,-0.024506914448501727,0.1102262478939231,0.11672340548773319,0.12073917836693415
2024-02-23 00:00:00,0.9666,1,0.0,0.13473316234242483,0.14123031993623492,0.14524609281543588,0.13789698590507127
2024-02-27 17:01:14,0.891,1,0.0,0.004015772879200963,-0.0033333340311636483,-0.011197984236507308,-0.0011096875953762186
2024-02-27 17:39:30,0.9353,1,0.0,0.004015772879200963,-0.0033333340311636483,-0.011197984236507308,-0.0011096875953762186
2024-02-29 17:15:40,0.4767,1,0.0,-0.00786465020534366,0.0022236464357874297,0.027198411339546258,0.06671764115380807
2024-03-12 00:51:29,0.4404,1,0.0,-0.016326508814413,0.04091034400988647,0.03744454246945672,0.007574122460061061
2024-03-12 12:05:00,0.7964,1,0.718176,-0.016326508814413,0.04091034400988647,0.03744454246945672,0.007574122460061061
2024-03-12 16:17:17,0.9794,1,0.0,-0.016326508814413,0.04091034400988647,0.03744454246945672,0.007574122460061061
2024-03-14 16:07:03,0.8376,1,0.0,-0.003465801540429747,-0.03333622154982541,-0.02266592557672198,-0.025167386162210925
2024-03-14 16:23:44,0.1779,1,0.0,-0.003465801540429747,-0.03333622154982541,-0.02266592557672198,-0.025167386162210925
2024-03-14 16:37:41,0.8176,1,0.0,-0.003465801540429747,-0.03333622154982541,-0.02266592557672198,-0.025167386162210925
2024-03-17 16:37:05,0.6369,1,0.613536,0.010670295973103427,0.008168835387614481,0.01633808878911258,0.01537634515459907
2024-03-18 00:00:00,0.70865,4,0.64168025,0.010670295973103427,0.008168835387614481,0.01633808878911258,0.01537634515459907
2024-03-19 00:00:00,0.9062,1,0.61382,-0.002501460585488946,0.005667792816009154,0.004706049181495642,0.01173638426561241
2024-03-20 16:21:36,0.9001,1,0.619632,0.0081692534014981,0.007207509766984588,0.014237844851101356,0.04430732784061764
2024-03-21 16:24:19,-0.0258,1,0.0,-0.0009617436345135122,0.006068591449603256,0.03613807443911954,0.04732912352708185
2024-03-22 00:00:00,0.9273,1,0.0,0.007030335084116768,0.03709981807363305,0.04829086716159536,0.025834440514380996
2024-03-22 15:40:14,0.6808,1,0.0,0.007030335084116768,0.03709981807363305,0.04829086716159536,0.025834440514380996
2024-03-25 00:00:00,0.5267,1,0.707129,0.030069482989516283,0.041260532077478596,0.01880410543026423,-0.009569274933773575
2024-03-26 00:00:00,0.8442,1,0.850501,0.011191049087962313,-0.011265377559252054,-0.03963875792328986,-0.03662090008939789
2024-03-28 18:01:00,0.9349,1,0.0,-0.028373380364037804,-0.025355522530145835,-0.02739523666535737,-0.028846470915161126
2024-04-02 00:00:00,0.9686,1,0.0,-0.0020397141352115344,-0.003490948385015291,-0.011190642117418603,-0.030284709766854156
2024-04-03 15:34:48,0.6908,1,0.634748,-0.0014512342498037567,-0.009150927982207069,-0.028244995631642622,-0.015548352926436637
2024-04-05 00:00:00,0.6705,1,0.0,-0.019094067649435553,-0.006397424944229568,-0.016634948380837122,-0.0407515087912651
2024-04-08 15:33:49,0.8779,1,0.68231,0.012696642705205985,0.002459119268598431,-0.021657441141829548,0.006812513584207758
2024-04-09 00:00:00,0.5267,1,0.0,-0.010237523436607554,-0.03435408384703553,-0.005884129120998227,0.019244099733369935
2024-04-17 14:33:45,0.5423,1,0.836081,0.016348794991117632,-0.010115974168979802,0.0031585994532685735,-0.07619821113528047
2024-04-17 15:27:29,0.802,1,0.603791,0.016348794991117632,-0.010115974168979802,0.0031585994532685735,-0.07619821113528047
2024-04-18 00:00:00,0.117225,20,0.0743097,-0.026464769160097434,-0.013190195537849059,-0.0925470061263981,-0.05906031883454366
2024-04-19 15:33:49,0.7269,1,0.605783,0.013274573622248376,-0.06608223696630067,-0.03259554967444622,-0.010985864346181207
2024-04-19 20:09:37,0.3612,1,0.0,0.013274573622248376,-0.06608223696630067,-0.03259554967444622,-0.010985864346181207
2024-04-22 00:00:00,0.9058,1,0.0,-0.07935681058854904,-0.0458701232966946,-0.024260437968429582,-0.060964025400072286
2024-04-24 00:00:00,0.9382,1,0.607132,0.021609685328265016,-0.015093902103377688,0.02682331541966576,0.07314719013955484
2024-04-25 15:34:47,0.8979,1,0.576814,-0.036703587431642704,0.005213630091400745,0.051537504811289825,0.047728102030506925
2024-04-29 20:24:00,0.9081,1,0.562607,0.04632387471988908,0.04251447193910618,0.04593017889818274,0.014261024602288841
2024-04-30 00:00:00,0.9062,1,0.894327,-0.0038094027807829,-0.0003936958217063413,-0.03206285011760024,-0.011396990295468812
2024-04-30 14:26:53,0.9297,1,0.0,-0.0038094027807829,-0.0003936958217063413,-0.03206285011760024,-0.011396990295468812
2024-05-06 05:00:00,0.965,1,0.0,0.01453344745996854,0.04132125025461186,0.02394922644266928,0.022971703114065156
2024-05-22 14:18:55,0.7096,1,0.0,0.0044373039068723585,6.379695172764599e-05,0.09775873020078307,0.11402493752951515
2024-05-29 00:00:00,0.9287,1,0.0,0.06602680581223996,0.08118748056430802,0.054234731318572926,0.048248919183975336
2024-12-29 07:00:00,-0.7581,1,0.0,-0.007574563789916611,0.009228566683727735,-0.005550943324755586,0.026340139473660984
2024-12-31 03:53:28,0.9545,1,0.0,0.016803130473644345,0.0020236204651610246,0.033914703263577595,0.06208753673361622
2024-12-31 23:59:59,0.719895652173913,23,0.0896956956521739,0.016803130473644345,0.0020236204651610246,0.033914703263577595,0.06208753673361622
2025-01-06 05:57:29,0.9792,1,0.629491,0.028172833470038627,0.05101212757657403,0.006686781803886821,0.006297904654006703
2025-01-06 09:00:00,0.7184,1,0.550253,0.028172833470038627,0.05101212757657403,0.006686781803886821,0.006297904654006703
2025-01-07 05:22:22,0.7351,1,0.0,0.0228392941065354,-0.021486051666151806,-0.021874928816031924,-0.036170134835600165
2025-01-07 06:32:13,0.8225,1,0.0,0.0228392941065354,-0.021486051666151806,-0.021874928816031924,-0.036170134835600165
2025-01-09 05:35:05,0.4939,1,0.0,-0.000388877149880118,-0.014684083169448359,-0.031189309120485786,-0.041273350179761636
2025-01-10 21:53:00,0.9468,1,0.0,-0.000388877149880118,-0.014684083169448359,-0.031189309120485786,-0.041273350179761636
2025-01-13 06:15:49,0.8442,1,0.970168,-0.01429520601956824,-0.03080043197060567,-0.04088447302988152,-0.02988942904562475
2025-01-20 00:00:00,0.3741,3,0.2681983333333333,0.014116587838479688,0.03090777504372788,0.06243108629236782,0.06132455552558258
2025-02-14 04:01:32,0.7579,1,0.625088,0.01725977522470723,0.03937508260232203,0.04106934624635783,0.03957168308575254
2025-02-17 04:37:57,0.955,1,0.710006,0.0221153073776148,0.0238095710216506,0.02231190786104531,0.03287703193408542
2025-02-18 04:01:32,0.8126,1,0.572463,0.0221153073776148,0.0238095710216506,0.02231190786104531,0.03287703193408542
2025-02-21 05:13:40,0.4588,1,0.622181,0.01056512407304011,-0.009220209481790365,-0.028286715666778983,-0.04370412802492951
2025-02-24 03:58:51,-0.2732,1,0.629976,-0.019785333554830475,-0.038851839739819094,-0.05426925209796962,-0.01996361100199484
2025-02-25 05:03:26,0.9042,1,0.748831,-0.01906650618498862,-0.03448391854313915,-0.00017827744716436555,-0.0571876378554228
2025-02-25 05:08:23,0.9081,1,0.646886,-0.01906650618498862,-0.03448391854313915,-0.00017827744716436555,-0.0571876378554228
2025-02-26 09:17:00,0.9372,1,0.623128,-0.015417412358150528,0.018888228737824253,-0.03812113167043418,-0.014212297169615473
2025-02-26 11:12:00,0.9477,1,0.645777,-0.015417412358150528,0.018888228737824253,-0.03812113167043418,-0.014212297169615473
2025-02-28 00:00:00,0.3612,1,0.62541,-0.057009360408258436,-0.033100525907439726,-0.09815368044834927,-0.07821491998815067
2025-03-03 15:38:00,0.8074,1,0.64857,0.02390883450081871,-0.04114432004009083,-0.02120555957989223,-0.022947514883042808
2025-03-03 16:51:36,0.8934,1,0.602498,0.02390883450081871,-0.04114432004009083,-0.02120555957989223,-0.022947514883042808
2025-03-05 11:58:00,0.5423,1,0.634703,0.0199387604601986,0.018196805157048024,-0.01166803641154246,0.00015183402983232064
2025-03-06 00:09:52,0.9287,1,0.627946,-0.0017419553031505774,-0.03160679687174106,-0.01978692643036628,-0.031700653869419226
2025-03-06 03:43:00,0.9081,1,0.577836,-0.0017419553031505774,-0.03160679687174106,-0.01978692643036628,-0.031700653869419226
2025-04-02 17:22:00,0.34,1,0.0,0.008270395727871582,0.0034231560336015487,-0.0211088103324355,-0.03257562236548184
2025-04-03 11:52:21,0.8555,1,0.611982,-0.0048472396942700335,-0.029379206060307084,-0.04084601809335342,-0.007950283144700254
2025-04-03 20:09:40,0.0,1,0.0,-0.0048472396942700335,-0.029379206060307084,-0.04084601809335342,-0.007950283144700254
2025-04-04 10:40:00,-0.7003,1,0.744839,-0.02453196636603705,-0.035998778399083387,-0.0031030434504302207,0.0011816456672014697
2025-04-08 01:58:08,0.8402,1,0.0,0.032895734948653166,0.037180424066284856,0.10437712025340928,0.08778220647572677
2025-04-09 00:00:00,0.0,1,0.0,0.00428468911763169,0.07148138530475612,0.0548864715270736,0.06769884077202315
2025-04-09 01:58:08,0.7351,1,0.0,0.00428468911763169,0.07148138530475612,0.0548864715270736,0.06769884077202315
2025-04-11 14:02:00,0.88845,2,0.0,-0.01659491377768252,-0.0037825445327329676,-0.012543924425096775,-0.00020021783440482555
2025-04-16 07:31:00,0.9393,1,0.0,0.01234370659069195,-0.02621932115579617,-0.05475027048987002,-0.07513085452941037
2025-04-18 01:51:33,0.9287,1,0.0,-0.028530949334073852,-0.0489115333736142,-0.05473257265005349,-0.03878180930825359
2025-04-22 01:59:52,0.9726,1,0.0,-0.02038058403954035,-0.02620162331597964,-0.010250859974179738,-0.0021694866422179437
2025-04-23 02:16:19,0.4936,1,0.742403,-0.005821039276439288,0.010129724065360612,0.018211097397322407,0.0500962291636986
2025-04-25 02:24:16,0.836,1,0.0,0.008081373331961794,0.03996650509833799,0.019745254559536463,0.0158078879127328
2025-04-25 04:51:57,0.7783,1,0.0,0.008081373331961794,0.03996650509833799,0.019745254559536463,0.0158078879127328
2025-04-25 18:52:09,0.8834,1,0.0,0.008081373331961794,0.03996650509833799,0.019745254559536463,0.0158078879127328
2025-04-26 02:28:29,-0.2023,1,0.0,0.031885131766376196,0.011663881227574668,0.0077265145807710045,0.006935389749012755
2025-04-28 01:51:13,0.936,1,0.0,0.031885131766376196,0.011663881227574668,0.0077265145807710045,0.006935389749012755
2025-04-30 01:51:29,0.9723,1,0.0,-0.003937366646803664,-0.004728491478561914,0.0069078042823147445,0.017957779237685267
2025-04-30 02:25:07,0.4939,1,0.0,-0.003937366646803664,-0.004728491478561914,0.0069078042823147445,0.017957779237685267
2025-05-03 11:44:00,0.8442,1,0.0,0.011049974955370523,0.011043550690234327,0.01788531856117126,0.044961664370811394
2025-05-04 07:02:00,0.7096,1,0.0,0.011049974955370523,0.011043550690234327,0.01788531856117126,0.044961664370811394
2025-05-06 00:16:11,0.9595,1,0.0,-6.4242651361956504e-06,0.006835343605800737,0.03391168941544087,0.02623498499005905
2025-05-06 22:20:00,0.5132,1,0.0,-6.4242651361956504e-06,0.006835343605800737,0.03391168941544087,0.02623498499005905
2025-05-06 23:49:11,0.9413,1,0.0,-6.4242651361956504e-06,0.006835343605800737,0.03391168941544087,0.02623498499005905
2025-05-07 00:30:54,0.886,1,0.0,0.006841767870936932,0.03391811368057707,0.026241409255195247,0.020762269944605505
2025-05-07 17:40:42,0.5267,1,0.0,0.006841767870936932,0.03391811368057707,0.026241409255195247,0.020762269944605505
2025-11-08 04:42:24,0.9678,1,0.627866,0.0035275106604576445,0.039335805825461256,0.012408745383189812,0.016510458005772444
2025-11-08 05:21:03,0.0516,1,0.0,0.0035275106604576445,0.039335805825461256,0.012408745383189812,0.016510458005772444
2025-11-08 08:26:00,0.9485,1,0.0,0.0035275106604576445,0.039335805825461256,0.012408745383189812,0.016510458005772444
2025-11-08 09:30:00,0.8225,1,0.72553,0.0035275106604576445,0.039335805825461256,0.012408745383189812,0.016510458005772444
2025-11-08 21:09:55,0.9022,1,0.61142,0.0035275106604576445,0.039335805825461256,0.012408745383189812,0.016510458005772444
2025-11-09 08:38:47,0.9217,1,0.0,0.0035275106604576445,0.039335805825461256,0.012408745383189812,0.016510458005772444
2025-11-09 20:08:49,0.9246,1,0.0,0.0035275106604576445,0.039335805825461256,0.012408745383189812,0.016510458005772444
2025-11-10 08:46:35,-0.5106,1,0.0,0.0035275106604576445,0.039335805825461256,0.012408745383189812,0.016510458005772444
2025-11-10 12:45:55,0.6705,1,0.0,0.0035275106604576445,0.039335805825461256,0.012408745383189812,0.016510458005772444
2025-11-10 12:45:57,0.9403,1,0.0,0.0035275106604576445,0.039335805825461256,0.012408745383189812,0.016510458005772444
2025-11-10 16:30:00,0.91,1,0.0,0.0035275106604576445,0.039335805825461256,0.012408745383189812,0.016510458005772444
2025-11-10 16:38:44,0.8625,1,0.0,0.0035275106604576445,0.039335805825461256,0.012408745383189812,0.016510458005772444
2025-11-10 16:46:42,0.7096,1,0.0,0.0035275106604576445,0.039335805825461256,0.012408745383189812,0.016510458005772444
2025-11-10 18:13:00,0.9371,1,0.0,0.0035275106604576445,0.039335805825461256,0.012408745383189812,0.016510458005772444
2025-11-10 20:58:00,0.4588,1,0.579825,0.0035275106604576445,0.039335805825461256,0.012408745383189812,0.016510458005772444
2025-11-10 21:46:10,0.4588,1,0.0,0.0035275106604576445,0.039335805825461256,0.012408745383189812,0.016510458005772444
2025-11-11 17:23:00,0.891,1,0.843753,0.03580829516500361,0.008881234722732168,0.0129829473453148,-0.0024112517134609046
2025-11-11 22:46:31,0.9577,1,0.0,0.03580829516500361,0.008881234722732168,0.0129829473453148,-0.0024112517134609046
2025-11-12 06:09:19,0.5859,1,0.0,-0.026927060442271444,-0.022825347819688813,-0.038219546878464516,-0.02126181274253436
2025-11-12 16:14:49,0.743,1,0.0,-0.026927060442271444,-0.022825347819688813,-0.038219546878464516,-0.02126181274253436
2025-11-12 20:09:35,0.3597,1,0.737177,-0.026927060442271444,-0.022825347819688813,-0.038219546878464516,-0.02126181274253436
2025-11-13 15:51:47,-0.3612,1,0.0,0.004101712622582632,-0.011292486436193072,0.005665247699737086,-0.004566814725707857
2025-11-14 06:09:21,0.7902,1,0.0,-0.015394199058775704,0.0015635350771544543,-0.008668527348290489,-0.02457415990473133
2025-11-14 20:21:48,0.2732,1,0.628468,-0.015394199058775704,0.0015635350771544543,-0.008668527348290489,-0.02457415990473133
2025-11-14 22:21:49,0.5106,1,0.0,-0.015394199058775704,0.0015635350771544543,-0.008668527348290489,-0.02457415990473133
