publish_date,source,url,title,summary,summary_sentiment_score
2024-10-30 08:25:00,MarketWatch,https://www.marketwatch.com/story/amds-stock-is-getting-hurt-by-this-unpalatable-reality-3e388d46?gaa_at=eafs&gaa_n=AWEtsqckFNYb8p-Qjn-YnFBqV5EHJp9li7UZs3Z5pGu4pvl9vh6bPUyo7hF7&gaa_ts=69074b16&gaa_sig=T0kjmSN-6DaBvIq1BImeFmqf7c0hnAXTHUE2AlOspAqNTiXiSA3vx8w_Nb2uiw5Ab-Me6bhF2rYuln63jKpH-Q%3D%3D,AMD’s stock is getting hurt by this ‘unpalatable’ reality,"Advanced Micro Devices Inc. (AMD) shares are underperforming compared to other AI stocks in 2024, despite boosting its full-year AI revenue forecast. The reason for the muted performance is AMD's overall revenue outlook for the fourth quarter, which fell short of analyst expectations. This ""unpalatable"" reality contrasts with the strong growth seen in other AI-focused companies, according to one analyst.",0.7943
2024-10-10 20:17:00,MarketWatch,https://www.marketwatch.com/story/amds-ai-event-lacked-a-wow-factor-but-heres-one-reason-investors-should-be-excited-7fb442e2?gaa_at=eafs&gaa_n=AWEtsqd2uZfUms1TDEc7UdTUeLfE-ct4wLQAKx2EnCTlpRzjGkuCtXy_KPjG&gaa_ts=69074b5d&gaa_sig=8c7vFm_Sw_b-VQ_89umhJBrY8zsehJJUhvNrvs67gHeFoM0psWXw8eq86oPy0TXtI-cgERUGjJrc4s44SRmffw%3D%3D,"Opinion: AMD’s AI event lacked a wow factor, but here’s one reason investors should be excited","AMD's recent AI event, while lacking new customer announcements, gave investors a key reason for optimism: CEO Lisa Su's updated forecast for the AI accelerator chip market. Su now projects the market to reach over $500 billion by 2028, a significant increase from her previous forecast and representing an approximately 60% compounded annual growth rate from last year's $45 billion market. This revised outlook indicates strong anticipated growth in the AI sector.",0.9349
2024-10-07 10:16:00,MarketWatch,https://www.marketwatch.com/story/amds-stock-has-a-big-catalyst-on-the-horizon-can-it-live-up-to-the-hype-1a9e52b5?gaa_at=eafs&gaa_n=AWEtsqfnRC5_XqXQXkZjTlyj0AyL-06-mDKN-1dpVO1qi-CL3ttVFqp920YQ&gaa_ts=69074b1d&gaa_sig=nSqkqoMqx5RSRGhlFSqjDPi9REP637F-w_65lu3TAcR6paHTXkTP2RgshQ2BcA5VrhE9syg4sxbJJ-Qv9OUMQA%3D%3D,AMD’s stock has a big catalyst on the horizon. Can it live up to the hype?,"AMD's stock is poised for a potential rally following its upcoming Advancing AI event, where new product announcements, including the MI325X artificial-intelligence accelerator, are expected. While AMD's stock has underperformed the broader chip sector this year, investors are looking to CEO Lisa Su and her team to provide a significant catalyst similar to last year's event. The event is anticipated to cover news on AMD's CPUs, GPUs, and its broader software ecosystem.",0.4215
2023-11-14 16:36:00,MarketWatch,https://www.marketwatch.com/data-news/advanced-micro-devices-inc-stock-outperforms-market-on-strong-trading-day-ba09701b-4416b3d61f84?gaa_at=eafs&gaa_n=AWEtsqdqqNehoYXEUotXPLioLXfSvA6E5BD797npyETHSEBJYyLlmh5vnA1W&gaa_ts=69076852&gaa_sig=wDG02Wm7fYpQ2diW6UC7wiqaf6T6gFrbcOYMX49AdoUXIgesqO_g1KJaNQ3vONS3z0w1B5C0dZRu6b0HpdbqxA%3D%3D,Advanced Micro Devices Inc. stock outperforms market on strong trading day,"Shares of Advanced Micro Devices Inc. (AMD) rose by 2.65% to $119.88 on Tuesday, outperforming the broader market. This positive performance occurred on a strong trading day where the S&P 500 Index and Dow Jones Industrial Average also saw significant gains. The stock closed below its 52-week high of $132.83, which was achieved on June 13th.",0.9231
2023-10-25 16:37:00,MarketWatch,https://www.marketwatch.com/data-news/advanced-micro-devices-inc-stock-underperforms-wednesday-when-compared-to-competitors-e7e17979-956b01a59036?gaa_at=eafs&gaa_n=AWEtsqcr0La4I0T00ji8Fy8_XvgEz3SSGOIQ82u3calRQFUZP1dz-_tfisfk&gaa_ts=699a18b7&gaa_sig=JUY6repci55kmET3wYOOyeA1DqJ7z0R7XR6Zh0pXpWBtv39yMKXI5DWMfKeJTxIWPg8WXX6GOGSIUMTPw24GjA%3D%3D,Advanced Micro Devices Inc. stock underperforms Wednesday when compared to competitors,"Advanced Micro Devices Inc. (AMD) shares fell by 5.52% on Wednesday to $96.06, underperforming the broader stock market, which also experienced a rough trading session. The S&P 500 Index dropped 1.43%, and the Dow Jones Industrial Average declined 0.32%. AMD's closing price was $36.78 below its 52-week high of $132.83, achieved in June.",0.4939
2023-06-26 15:09:00,MarketWatch,https://www.marketwatch.com/story/amds-stock-on-track-for-seventh-straight-losing-session-c5fb94c0?gaa_at=eafs&gaa_n=AWEtsqd4FRo9FT99AUBuoxGFL_Djrqysyp2YS2tIHY9CUb4Lz4ueJ5SWby3Z&gaa_ts=69076865&gaa_sig=_fdCZ0zlEN46JGrfZGFLmxo-sAXtArC7ymjpF558JHEPOhjKpklB1hsc0uLzl9pf7zo2pI6PXl6kvPLZ4G_vtw%3D%3D,"AMD, Broadcom stocks both drop for seventh straight session","Advanced Micro Devices Inc. (AMD) and Broadcom Inc. (AVGO) experienced their seventh consecutive day of stock losses on Monday, marking their worst losing streaks since 2022. AMD shares fell 2.3% to close at $107.51, which is 33.6% below their record high from November 2021.",-0.7351
2023-05-02 21:18:00,MarketWatch,https://www.marketwatch.com/story/amd-stock-is-sliding-after-earnings-and-these-numbers-show-why-43246062?gaa_at=eafs&gaa_n=AWEtsqd4llyAtjGuulU-T_urlvYIQaT0t78a21uw60yTftniacX35Iuo6p8A&gaa_ts=69076852&gaa_sig=6NmkeKJCh4HfkV5ZBS-E6tITDvfsGtRqdIPaCoQXDp_Fnam-oViEWXvlJCuW_uPVz_gaVsLoh5V_o7keZV0NFQ%3D%3D,"Opinion: AMD stock is sliding after earnings, and these numbers show why","Advanced Micro Devices (AMD) stock slid significantly after the company reported a first-quarter net loss of $139 million and a revenue decline to $5.3 billion. This downturn was largely attributed to substantial drops in PC sales and gaming, exacerbated by a big decline in profit for its key data-center group and an unoptimistic forecast. The chip maker's overall margin was severely impacted, leading to a nearly 7% drop in its shares in after-hours trading.",0.128
2023-02-09 10:19:00,Reuters,https://www.reuters.com/technology/amd-wins-nearly-third-processor-market-arms-climb-slows-analyst-report-2023-02-09/,"AMD wins nearly a third of processor market, Arm's climb slows: analyst report","AMD has significantly increased its market share in central processor units, capturing nearly a third of the x86 processor market from Intel, according to a recent analyst report from Mercury Research. This growth occurred during the worst PC chip market downturn since the 1980s. Meanwhile, Arm's rise in the PC market, primarily driven by Apple's Mac computers, slowed in the fourth quarter of 2022.",0.2023
2023-01-31 19:15:00,CNBC,https://www.cnbc.com/2023/01/31/why-amd-is-faring-much-better-than-intel-in-the-same-tough-economy.html,Why AMD is faring much better than Intel in the same tough economy,"AMD is showing a much brighter short-term outlook compared to Intel, despite both operating in a difficult chip market. While Intel faces widespread declines, AMD's data center business is experiencing growth, aided by new chip introductions and its acquisition of Xilinx. Both companies are affected by a slumping PC market, but AMD expects to gain market share in that segment and grow its data center revenue at Intel's expense this year.",0.8381
2023-01-27 18:00:00,MarketWatch,https://www.marketwatch.com/story/amd-earnings-face-even-more-scrutiny-after-astonishingly-bad-intel-outlook-11674860408?gaa_at=eafs&gaa_n=AWEtsqdUvWgRmsAXME9IBd9djLzv-7OegjYH95baqsUKHwuePOEmt7VSs7nR&gaa_ts=69076847&gaa_sig=EpT_vEFAjzrJdEXQmJ3bBYOvFBLoVS0B52IiyX1XSOrG2BsZ9U7yiLAKcGyWPQKkFe2wzOpYNsgs5h7F-R6N2A%3D%3D,AMD earnings face even more scrutiny after ‘astonishingly bad’ Intel outlook,"AMD's upcoming earnings report is under increased scrutiny following Intel's ""astonishingly bad"" outlook, particularly regarding inventory and data-center issues. CEO Lisa Su had previously expressed confidence that AMD would end 2022 in a stronger position, and the market will now evaluate that claim in light of rival Intel's struggles. AMD is scheduled to report its results after market close on Tuesday.",0.25
2023-01-23 10:21:00,MarketWatch,https://www.marketwatch.com/story/amd-can-keep-eating-intels-lunch-barclays-says-as-stock-surges-11674487293?gaa_at=eafs&gaa_n=AWEtsqeIgNpbOdbJ2HG1Z0pvkWJ8tByw7-g__IuAgbPdfeIZZAwy5UZyvwNP&gaa_ts=6907684c&gaa_sig=L4JrXo3n3YUab-aY_Z8VPo3r-24gtnQXuetkbouXmpFe1-iRUlj0iUPBEVYeqJsRGgisEJeOonUbWvSSFXU72g%3D%3D,"AMD can keep eating Intel’s lunch, Barclays says as stock surges","Barclays upgraded AMD's stock to overweight from equal weight, leading to a more than 6% surge in AMD shares. Analyst Blayne Curtis believes AMD's Genoa and Bergamo platforms will enable further market-share gains against Intel. The upgrade also suggests AMD could benefit from Meta reaccelerating its spending.",0.6249
2023-01-11 16:36:00,MarketWatch,https://www.marketwatch.com/story/amd-poaches-marvells-jean-hu-for-cfo-slot-as-devinder-kumar-retires-11673472990?gaa_at=eafs&gaa_n=AWEtsqeGOX2EnxvAHAFtwGnKgBsZa5gLc7i7hPli0g8Yyv94XGZaEiwuh8UR&gaa_ts=69076865&gaa_sig=IMoBzmziRrgGZiHxIYgQyyPw06v1BcFa1JYDGKNmqvwsNgIwFeqdQDymBMLThNBQOXjhUsbybDoM4pwOqjCkag%3D%3D,AMD poaches Marvell’s Jean Hu for CFO slot as Devinder Kumar retires,"Advanced Micro Devices Inc. announced that its financial chief Devinder Kumar is retiring, and Jean Hu from Marvell Technology Inc. will take his place as CFO. Marvell confirmed Hu's departure effective January 20, while AMD expects Hu to start on January 23. This change marks a significant leadership transition for AMD's financial department.",0.7096
2022-11-10 06:00:16,Reuters,https://www.reuters.com/technology/amd-launches-data-center-cpu-genoa-taps-google-microsoft-customers-2022-11-10/,"AMD launches data center CPU 'Genoa', taps Google, Microsoft as customers (Nov. 10)","AMD has launched its fourth-generation EPYC processor, codenamed ""Genoa,"" for data centers, securing major customers like Microsoft Azure, Google Cloud, and Oracle. This new chip offers significant performance and energy efficiency improvements over its predecessor, translating into lower operational costs for enterprises and cloud data centers. The launch comes as rival Intel faces delays with its own data center chip, and AMD continues to gain market share, boosting its stock by about 14%.",0.9501
2021-12-23 10:37:00,Reuters,https://www.reuters.com/technology/amd-amends-agreement-with-globalfoundries-buy-21-bln-worth-wafers-2021-12-23/,"AMD amends GlobalFoundries deal, will buy $2.1 bln worth of wafers","Advanced Micro Devices (AMD) has amended its agreement with GlobalFoundries, committing to purchase approximately $2.1 billion worth of silicon wafers between 2022 and 2025. This updated deal expands upon a previous agreement to buy $1.6 billion worth of chips from 2022 to 2024. Although AMD relies on Taiwan Semiconductor Manufacturing Co for its most critical ""chiplets,"" GlobalFoundries, a former AMD spin-off, continues to supply components to tie their chips together.",0.8522
2021-10-26 16:27:00,CNBC,https://www.cnbc.com/2021/10/26/amd-earnings-q3-2021.html,AMD sales rise 54% on strong demand for chips for servers and game consoles,"AMD reported strong third-quarter earnings, beating analyst expectations for both revenue and EPS, driven by high demand for its chips in PCs, servers, and game consoles. The company also issued a robust forecast for the fourth quarter, expecting continued growth in server and semi-custom segments amidst ongoing chip shortages. AMD's strategic acquisition of Xilinx is proceeding, aiming to strengthen its position in the data center market.",0.6705
2021-07-27 16:29:00,MarketWatch,https://www.marketwatch.com/story/amd-stock-rises-as-data-center-gaming-segment-sales-nearly-triple-11627417746?gaa_at=eafs&gaa_n=AWEtsqfnzSdJPGg18xZNmZezZ98zwCyjK1ABXls6GL1lHIJeEMNDWGkfnSCX&gaa_ts=6907b5d3&gaa_sig=_QVlCEAPZQCfuopJtb8Wzy9IDucUtt8bL8JszNJqlMAMRlgEP-zJb9lxn9wB7cO-KxJHosb3Xf1Gsfj-3YnekQ%3D%3D,"Hey Intel, AMD’s CEO is also ready to ‘fight for every socket,’ while producing strong growth","AMD CEO Lisa Su responded to Intel's promise to ""fight for every socket"" by stating AMD is also ready for the competition. This comes as AMD demonstrates strong growth, particularly with data-center sales exceeding 20% of its revenue, leading to an increase in its annual guidance. Su's comments highlight the escalating rivalry in the chip market, particularly in the crucial data-center segment.",0.8957
2021-07-15 23:49:00,Reuters,https://www.reuters.com/business/intel-talks-buy-globalfoundries-about-30-billion-wsj-2021-07-15/,Intel in talks to buy GlobalFoundries for about $30 billion - WSJ,"Intel Corp is reportedly in talks to acquire semiconductor manufacturer GlobalFoundries Inc for approximately $30 billion, according to the Wall Street Journal. This potential deal comes amid a global semiconductor shortage and could help Intel significantly ramp up chip production, although GlobalFoundries has denied direct discussions with Intel. The acquisition could also raise antitrust questions given GlobalFoundries' history with AMD.",-0.296
2021-05-26 08:41:00,MarketWatch,https://www.marketwatch.com/story/intel-vs-amd-should-you-buy-either-stock-now-11622032905?gaa_at=eafs&gaa_n=AWEtsqeJ8NHgIWj9ZSIhXBdCTVuLnqWt3VSvt6c74bsijJOE8JVri9yc8fIB&gaa_ts=6907c305&gaa_sig=_ptlDhPvNI5Bni9Fw-nn-O2n9GmIUsWBBxwvgHwK27wtno5uSYtSMwudI8OTRi_2Vxg3F7JwRnFq5Y3hP4NbhQ%3D%3D,Intel vs. AMD — should you buy either stock now?,"This article contrasts Intel and AMD, two dominant players in the processor market, from an investment perspective. While AMD has shown significant outperformance under CEO Lisa Su, Intel remains the largest provider of core processors for PCs and servers, boasting a substantial R&D budget and strong cash flow. The piece questions which stock is a better buy for investors, acknowledging Intel's new CEO Pat Gelsinger's efforts to diversify and fend off AMD's market share gains.",0.9081
2021-03-24 08:43:00,Reuters,https://www.reuters.com/world/asia-pacific/intel-doubles-down-chip-manufacturing-plans-20-billion-new-arizona-sites-2021-03-23/,Intel to spend $20 billion on U.S. chip plants as CEO challenges Asia dominance,"Intel announced plans to invest $20 billion in two new chip manufacturing plants in Arizona, aiming to expand its advanced chip production and open its factories to outside customers. This move by CEO Pat Gelsinger directly challenges the dominance of TSMC and Samsung in the advanced chip market and seeks to shift the technological balance of power back to the U.S. and Europe. The company expects $72 billion in revenue and adjusted earnings per share of $4.55 for 2021, and the new strategy is intended to restore Intel's reputation and create 3,000 permanent jobs.",0.8979
2020-12-29 12:56:00,CNBC,https://www.cnbc.com/2020/12/29/third-point-urges-intel-to-explore-strategic-alternatives-.html,Intel shares rise after Third Point urges chipmaker to explore strategic alternatives as market share deteriorates,"Hedge fund Third Point, which recently acquired a significant stake in Intel, is urging the chipmaker's board to explore strategic alternatives due to deteriorating market share against rivals like TSMC, Samsung, and AMD. Third Point highlighted concerns about Intel's loss of manufacturing leadership and its impact on U.S. national security. Intel has stated it welcomes input from investors to enhance shareholder value.",0.8658
2020-10-27 21:42:06,The Wall Street Journal,https://www.wsj.com/tech/amd-agrees-to-buy-rival-chip-maker-xilinx-for-35-billion-11603794663?gaa_at=eafs&gaa_n=AWEtsqe_mkcgKrMwlMq6N4h9ACkBwYFp9BdR7hT7MLTCesvOAtfmKdrRiAhO&gaa_ts=6907d35c&gaa_sig=z7Dg3Z8SU8aGUNtKIfO1bSkhRiYX-_pC214lEgd2QifvIF47e0g3LVV_lpOdOCL6ntULl7UTVJEwXsVHGBDLxA%3D%3D,AMD Agrees to Buy Rival Chip Maker Xilinx for $35 Billion - WSJ,"Advanced Micro Devices (AMD) plans to acquire Xilinx Inc. for $35 billion in an all-stock deal, intensifying consolidation in the semiconductor industry. This acquisition is expected to significantly broaden AMD's product offerings and market reach, providing an immediate financial boost upon closure. The Wall Street Journal had previously reported on the impending agreement between the two rival chip makers.",0.7906
2020-10-17 09:18:00,MarketWatch,https://www.marketwatch.com/story/how-did-intel-lose-its-silicon-valley-crown-2020-10-16?gaa_at=eafs&gaa_n=AWEtsqfVaRVe4VqmCvON23BZ0ZFhajxUQgbFV5K8EMBYkS5LaLdKfOAu5iG0&gaa_ts=6907e020&gaa_sig=1R3h49HONTn2RPtgEwE49ak_-Dh_2owsiMUozfghpfWGoVYN8PSCBHgDlikvvc2fZAxdQHZsB9WkN6fGR7Filg%3D%3D,Opinion: How did Intel lose its Silicon Valley crown?,"This article discusses Intel's decline as the leading chip manufacturer in Silicon Valley, examining whether the challenges stem from technological limits or leadership decisions. The chip giant announced a delay in its 7-nanometer manufacturing process and considered outsourcing some production for a key next-generation chip, shocking investors and analysts. This move is seen as a significant setback for the company once considered the standard-bearer of Moore's Law.",-0.4404
2020-10-08 21:42:07,The Wall Street Journal,https://www.wsj.com/business/deals/amd-is-in-advanced-talks-to-buy-xilinx-11602205553?gaa_at=eafs&gaa_n=AWEtsqfEY16uxiYYIQBxlRIsBpVXgxRP72qDzRHzQkS8Hr8LxNgX7g2sF3q5&gaa_ts=6907d360&gaa_sig=iZ4JV4I-WhTGSef5mT_04UqLmn1HyGG5KPPR9roawoFifVhNYAGISTazsqrMdYcVVQnEG31Wm_P7QdoP6xw0eg%3D%3D,WSJ News Exclusive | AMD Is in Advanced Talks to Buy Xilinx,"Advanced Micro Devices Inc. (AMD) is reportedly in advanced talks to acquire rival chip maker Xilinx Inc. The potential deal could be valued at over $30 billion, marking a significant consolidation in the semiconductor industry. This acquisition would enhance AMD's competitive position against Intel and expand its presence in telecommunications and defense markets.",0.8807
2020-08-04 16:25:00,MarketWatch,https://www.marketwatch.com/story/amd-eyes-100-billion-market-cap-as-more-analysts-see-market-share-grab-from-intel-2020-08-04?gaa_at=eafs&gaa_n=AWEtsqdKifjX04rW6OYm6h1A4z3OgaU8uqqAvDEDMlp2kEs_4Qg3q61TfDkR&gaa_ts=6907d359&gaa_sig=fw6SvOERlkUsEYX-zbu0un45S2QIvnpvGn-VWnI3gLKtWL-4x0mKQx7zQupcYm1Tl6bbaTzaE9ZV3qrHygfCog%3D%3D,"AMD closes just shy of $100-billion market cap, as more analysts see it taking market share from Intel","Advanced Micro Devices Inc.'s stock reached fresh records on Tuesday, closing with a market cap of $99.84 billion, just shy of $100 billion. This surge followed an analyst's price target hike and strong earnings reports, indicating an accelerating market share gain from Intel Corp. The company briefly surpassed a $100 billion market cap intraday.",0.891
2019-08-30 07:08:00,MarketWatch,https://www.marketwatch.com/story/here-are-2019s-biggest-stock-market-winners-and-losers-in-the-dow-sp-500-and-nasdaq-2019-08-29?gaa_at=eafs&gaa_n=AWEtsqemqiQI1N-Hwm7k2pUoRn4Kvu2nxzGYxOm_deyRxr-IRrSDH_8E5QYg&gaa_ts=6907f66d&gaa_sig=fLdMEfZKzh9kSDmoj2uzbu9HLHPiB4FMP0_1vxhDloHwggwwoHqydE1u5xryBhUPfG514cAUOpD6r3kCZXYHxw%3D%3D,"Here are 2019’s biggest stock market winners and losers in the Dow, S&P 500 and Nasdaq","This article reviews the biggest stock market winners and losers across the Dow, S&P 500, and Nasdaq for 2019 up to August 29th. It highlights top performers like Chipotle, AMD, Apple, and Visa, and notes disappointing results for Macy’s and Kraft Heinz. Despite ongoing media narratives, the U.S. stock market has shown strong returns year-to-date, with the Dow, S&P 500, and Nasdaq Composite Index all posting significant gains.",0.743
2019-08-08 15:10:00,MarketWatch,https://www.marketwatch.com/story/amd-stock-surges-after-server-chip-rome-gives-it-full-control-of-the-datacenter-narrative-2019-08-08?gaa_at=eafs&gaa_n=AWEtsqfjQF_9nNJmc9PAXzTSMwQ4l3y11jAZzfJhUTBwoDqlbyuf8rI6DH1t&gaa_ts=6907f088&gaa_sig=Ucl-f6rrwqSwUKIi29gejmQsuAB9rfRRVNy-H-IXqWjt2y0uHJ3nhiXk7nQqKygdxMv7RtPBQrpFJiOwMax73w%3D%3D,AMD stock rebounds from earnings disappointment with new server chip,"Advanced Micro Devices Inc. (AMD) shares are rising following optimism over its new second-generation Epyc 2 server chip, codenamed Rome. AMD announced that Rome offers nearly double the performance of Intel Corp.'s Xeon processor at approximately half the cost. This news comes after the company's recent earnings disappointment and could potentially impact Intel's stock.",0.5267
2019-06-01 10:00:00,MarketWatch,https://www.marketwatch.com/story/amd-stock-rallies-as-promised-new-products-start-getting-launched-2019-05-28?gaa_at=eafs&gaa_n=AWEtsqfDrG9FbSfWG7V9OAW_xp8x00cQ3ECEYqQSw93UEnQfxWQaZPME8Rrg&gaa_ts=6907f088&gaa_sig=CqFr5UvWNI0ctYQjh-AYgQNYqNVeZ-2rrSsNIhq-8xwLX-HjJzQZ-MM2451Y3p70onErOYmRMQm6h-JIdMSAPg%3D%3D,AMD stock jumps 10% after detailing new PC push at trade show,AMD's stock surged nearly 10% after the chip maker detailed new product launches at a trade show in Taiwan. An analyst noted that AMD's new CPU represents the first time the company has taken the process-technology and performance lead from Intel in desktop CPUs. This strong performance comes as AMD begins to deliver on its promise of new products in the second half of the year.,0.6808
2019-05-08 07:19:00,MarketWatch,https://www.marketwatch.com/story/amd-and-cray-seek-to-develop-fastest-supercomputer-in-the-world-2019-05-07?gaa_at=eafs&gaa_n=AWEtsqfuqvBRuTonIeFqX2niqjTZfRjhvRhb0s5vGEpUdDM_v4DePWzGZz29&gaa_ts=6907f088&gaa_sig=jCRzgkqYgFW7T5PQxNTXezQp29Fr7mfF0YN3I7kUJjPzjlpD49kRvz3JtkViF13gTHH1mdhw2tj9aH2_sKJ_zA%3D%3D,Opinion: AMD and Cray seek to develop fastest supercomputer in the world,"Advanced Micro Devices Inc. and Cray Inc. have secured a $600 million contract from the U.S. Department of Energy to develop Frontier, which is expected to be the world's fastest supercomputer. This deal marks an ambitious revival of their partnership, potentially boosting AMD's influence in high-performance computing and data-center chips. Cray previously used AMD CPUs but switched to Intel, only to renew ties after AMD's Epyc data-center processors launched last year.",0.7506
2019-04-26 12:13:00,CNBC,https://www.cnbc.com/video/2019/04/26/intel-ceo-bob-swan-on-the-companys-disappointing-q1-earnings.html,Intel CEO Bob Swan on the company's disappointing Q1 earnings,"Intel CEO Bob Swan discussed the company's disappointing Q1 earnings and a projected drop in revenue during an appearance on ""Squawk on the Street."" He also addressed pressure from China affecting the company's performance. The discussion provides insight into the challenges Intel was facing at the time.",-0.7351
2019-04-17 11:42:00,CNBC,https://www.cnbc.com/2019/04/17/apple-vs-qualcomm-why-apple-objected-so-strongly.html,Why Apple was so upset with Qualcomm — and why it finally had to give in,"Apple and Qualcomm settled a bitter legal battle over royalties and licensing fees, leading Apple to once again buy Qualcomm chips. The dispute centered on Qualcomm's patent licensing model, which Apple viewed as abusive due to its ""no license, no chips"" policy and pricing based on the total device cost. Despite Apple's strong objections and Qualcomm's history of antitrust issues, Apple ultimately settled because Qualcomm remains the leader in wireless technology, especially with the rollout of 5G networks, leaving Apple with few alternatives after Intel's exit from the 5G chip market.",-0.9509
2025-07-24 16:09:00,CNBC,https://www.cnbc.com/2025/07/24/intel-intc-earnings-report-q2-2025.html,"Intel beats on revenue, slashes foundry investments as CEO says 'no more blank checks'","Intel reported Q2 2025 earnings that beat Wall Street revenue expectations but announced significant cuts in chip factory construction and investments. CEO Lip-Bu Tan stated there would be ""no more blank checks,"" emphasizing that every investment must make economic sense, particularly after the company invested too much in its foundry division without adequate demand. Intel's shares are up 13% year-to-date after a 60% plummet in 2024, and the company completed planned layoffs, reducing its workforce by 15%.",-0.2603
2025-02-12 15:08:00,MarketWatch,https://www.marketwatch.com/story/intels-stock-is-on-a-run-not-seen-in-more-than-two-decades-46eeb064?gaa_at=eafs&gaa_n=AWEtsqejLAFNAogJQQGumVdsxAWrkjdCqG9Z9SYkSnBWXn_5H1hXgm1rcc_1&gaa_ts=699939f1&gaa_sig=aHnNhROf0nIixAqd6QBrqBxQej66zamjM81CDe5lLarhrVI7JhZSUcaRD04YoYxsUR8s83njZ7UNKak2SOJBHw%3D%3D,Intel’s stock-market run is unlike anything it’s seen in more than two decades,"Intel's stock has experienced its most significant three-day percentage gain since April 2001, rising 17.7% in three days, including a 7.2% jump on Wednesday. This rally is attributed to a favorable political environment and positive analyst commentary regarding its CPU business.",0.9041
2024-11-25 01:30:00,Reuters,https://www.reuters.com/technology/us-plans-reduce-intels-85-billion-federal-chips-grant-below-8-billion-new-york-2024-11-25/,US plans to reduce Intel's $8.5 billion federal chips grant below $8 billion - New York Times,"The U.S. government plans to reduce Intel Corp's preliminary $8.5 billion federal chips grant to less than $8 billion, as reported by the New York Times. This adjustment factors in a $3 billion contract offered to Intel for manufacturing chips for the Pentagon. The initial grant was part of a larger government effort to boost domestic semiconductor production through the 2022 CHIPS and Science Act.",0.7717
2024-10-07 08:57:02,The Wall Street Journal,https://www.wsj.com/tech/cerence-ceo-stefan-ortmanns-to-depart-ex-intel-chief-krzanich-named-as-replacement-b3076863?gaa_at=eafs&gaa_n=AWEtsqduAKTcsRXtfc4l6BjRIfE1hMLUAqkIenZQIShrk-FIh3bhKIgDAKo3&gaa_ts=699976e1&gaa_sig=VC-qc-RFuEoF2DGyxDAPGB2d_qSxP5fll7H10Jwrj2HvWLcSlVcSkfdjb5YalBUpVjCHt1FxA4Q_BuBRspOoIw%3D%3D,Cerence CEO Stefan Ortmanns to Depart; Ex-Intel Chief Krzanich Named as Replacement,"Cerence CEO Stefan Ortmanns is stepping down and will be replaced by Brian Krzanich, former chief of Intel and CDK Global. This change comes as the company undergoes a restructuring aimed at cost reduction. Ortmanns is recognized for his role in transitioning Cerence into a public company after its split from Nuance Communications in 2019.",0.0
2024-01-25 18:11:00,CNBC,https://www.cnbc.com/2024/01/25/intel-intc-earnings-report-q4-2023.html,Intel stock sinks more than 10% as early 2024 outlook comes up short,"Intel's stock dropped over 10% after the company issued a first-quarter 2024 outlook that fell short of analyst estimates, despite beating Wall Street expectations for the latest quarter. While CEO Pat Gelsinger stated the core PC and server chip businesses are healthy, overall sales are impacted by weakness in subsidiaries like Mobileye and its programmable chip unit. The company also broke a seven-quarter streak of declining revenue, with a 10% sales growth in Q4 2023.",0.569
2024-01-12 16:36:00,MarketWatch,https://www.marketwatch.com/data-news/intel-corp-stock-falls-friday-underperforms-market-5a14b74b-226d8e85ca3d?gaa_at=eafs&gaa_n=AWEtsqfEim7XLy7bncLBIvJbR4_bemB8LMxmnk4alSXt3ZMhEf-QnDr9qlLV&gaa_ts=6999f9a2&gaa_sig=Ro3TpuWgvc7Q3w4BPbMdjwutkdB-pa0MrdrfhqKDtvw1_fzdbsreSXleW1_ee_QiWvFLnAjAz0GvFFtTwyS_jA%3D%3D,"Intel Corp. stock falls Friday, underperforms market","Shares of Intel Corp. (INTC) fell 1.09% on Friday, closing at $47.12. This underperformed the broader market, which saw the S&P 500 Index rise slightly and the Dow Jones Industrial Average fall. The stock closed $4.16 below its 52-week high of $51.28 reached in late December.",0.3818
2023-12-26 08:45:00,MarketWatch,https://www.marketwatch.com/story/intels-25-billion-investment-in-israel-important-and-significant-says-countrys-finance-minister-9f26afb2?gaa_at=eafs&gaa_n=AWEtsqe_-G5VxXo9-cQTuhkdk2wX-YsaVqX_f8fc-UcXLASpQoJgclvs7iR3&gaa_ts=699a05ab&gaa_sig=upVaS6B4vcQv8_MW8IItz8ZmSnOfBHSC-vSnFeZ_-AhQbNxtUeJc6OeHdSsOgnHN8s2OK9miB6ZdZldkRyV1fg%3D%3D,Intel’s $25 billion investment in Israel ‘important and significant’ says country’s finance minister,"Intel Corp. is making a $25 billion investment in Israel, which the country's government has described as ""important and significant."" This investment follows Intel securing $3.2 billion in incentives from Israel. The funds will support a new chip manufacturing plant in Kiryat Gat, expected to begin operations by 2028 and create thousands of jobs.",0.8481
2023-11-13 16:36:00,MarketWatch,https://www.marketwatch.com/data-news/intel-corp-stock-falls-monday-underperforms-market-278f3ca8-66423f3d9cb3?gaa_at=eafs&gaa_n=AWEtsqd7oBaE4yAhAIxMjN09Q7g5K33fVEgvvJJLpsDEqgn3XLfJUqkrx9MV&gaa_ts=699a11e2&gaa_sig=1JLaVP8wQhmSP6GzqDz5xL_zy9KU1Jxw7eAyUQXCpfQRnoC43vR2uLelQ7UMVQs_YM00L0Jn0sXZ5kKAVke9BQ%3D%3D,"Intel Corp. stock falls Monday, underperforms market","Intel Corp. (INTC) shares fell 1.62% to $38.23 on Monday, underperforming a mixed market session where the Dow Jones Industrial Average rose and the S&P 500 Index declined slightly. The stock closed $1.84 below its 52-week high established in September.",0.296
2023-11-10 02:51:00,Reuters,https://www.reuters.com/markets/deals/zeekr-makes-us-ipo-filing-public-2023-11-09/,"China's Zeekr reveals wider loss in US IPO paperwork, Geely shares fall","China's Zeekr Intelligent revealed wider losses for the first half of the year as it made its US IPO paperwork public, intending to use the funds to expand its product line. Shares in its parent company, Geely, fell on the news. Zeekr reported a net loss of 3.87 billion Chinese yuan ($531.34 million) for the six months ended June 30, though net revenue more than doubled.",0.3612
2023-07-27 16:20:00,MarketWatch,https://www.marketwatch.com/story/intel-stock-rallies-on-surprise-profit-as-pc-data-center-sales-beat-97e87bae?gaa_at=eafs&gaa_n=AWEtsqejjxMEgLMVLLDdQXT2BBaxTzvPN1-PsF3n8EUHSwkiUAEBU5_7XZlO&gaa_ts=699a401f&gaa_sig=Z1CI1kdIJLDecv-DqjdBsREr2h5RC9liHkD51BUrpWGFnbcW0tGbMHuWHhyqK6NCmDgHlM-7mMGihXA9HSaJDA%3D%3D,"Intel stock rallies after earnings show AI data-center beat, strong PC sales","Intel's stock surged after reporting a surprise profit in its second-quarter earnings. While data-center sales exceeded expectations, the significant beat in PC product sales was the primary driver of improved gross margins. Shares rose by approximately 8% in extended trading following the announcement.",0.7906
2023-07-17 16:39:00,MarketWatch,https://www.marketwatch.com/data-news/intel-corp-stock-rises-monday-outperforms-market-9cd3e366-21d45d71c3e1?gaa_at=eafs&gaa_n=AWEtsqda0Lm8Ku1pE_B2Y6-EYyCwVp60ZSiI98N3sOvh3uYpUErQaXrB-E14&gaa_ts=699a4022&gaa_sig=1WEJcXDrusLrUh2uJqs9R96_l7LogY9xhcesocqIrLjgpCj9tmsPeGdFkv-cijlubyAKherFKKlluMaP994FZg%3D%3D,"Intel Corp. stock rises Monday, outperforms market","Intel Corp. (INTC) stock rose 3.68% on Monday, closing at $34.37. This performance outpaced the broader market, as the S&P 500 Index increased by 0.39% and the Dow Jones Industrial Average gained 0.22%. The rise marked the end of a two-day losing streak for Intel.",0.2732
2023-06-28 20:35:00,Reuters,https://www.reuters.com/technology/chipmaker-micron-forecasts-revenue-above-estimates-ai-boom-fuels-demand-2023-06-28/,"Chipmaker Micron beats on demand from booming AI, easing glut","Micron Technology exceeded third-quarter revenue estimates driven by high demand for its memory chips in the rapidly expanding artificial intelligence sector and an easing supply glut in traditional markets. The company's shares rose over 2% after reporting stronger-than-expected earnings and anticipating improved pricing trends. Despite ongoing U.S.-China tech tensions impacting its presence in the Chinese market, Micron expressed confidence in the memory industry's recovery.",0.8591
2023-02-28 14:00:00,MarketWatch,https://www.marketwatch.com/story/applied-materials-stock-rises-on-new-chip-making-system-that-helps-lower-costs-ff5c8df6?gaa_at=eafs&gaa_n=AWEtsqcmzIGz-j_GdY0vocAsrVzcFFP82CSevV4X7fZ5QK60HfK43XbVsGyV&gaa_ts=69076842&gaa_sig=JE8jSV6DQfGebfA0aaUCsTrH_ErrdOLNxrW2YV1FLHvWxQWu3FeJ_4Y1e4LqIL0t8lJT3gijrJbNXzW2OFEF3Q%3D%3D,Applied Materials stock rises on new chip-making system that helps lower costs,"Applied Materials Inc. shares rose after the company unveiled a new chip-making system designed to lower manufacturing costs for semiconductors. The system, called Centura Sculpta, promises to save fabs like TSMC and Intel $50 per wafer. This innovation led to a notable outperformance of Applied Materials stock compared to its peers and the broader semiconductor market.",0.872
2023-02-22 07:11:00,Reuters,https://www.reuters.com/technology/intel-lower-quarterly-dividend-conserve-capital-2023-02-22/,Intel cuts dividend to lowest since 2007 to save cash,"Intel Corp has cut its quarterly dividend payout by 66% to $0.125 per share, the lowest level since 2007, to conserve cash. This decision comes as the company faces slowing demand for its chips amid a deteriorating macro-economic environment and aims to scale back major investments in manufacturing equipment. CEO Pat Gelsinger indicated the move was necessary to prioritize capital for its foundry business and achieve significant cost reductions by 2025.",-0.296
2023-02-10 06:25:00,Reuters,https://www.reuters.com/technology/intel-weighs-boosting-investment-vietnam-chip-packaging-plant-sources-2023-02-10/,Exclusive: Intel weighs boost to investment in Vietnam chip packaging plant,"Intel Corp is reportedly considering a significant increase, possibly around $1 billion, to its existing $1.5-billion investment in Vietnam to expand its chip testing and packaging plant. This potential move highlights Vietnam's growing importance in the global semiconductor supply chain, as companies seek to diversify away from China and Taiwan due to geopolitical risks. While other locations like Singapore and Malaysia are also being considered, an expansion in Vietnam would help Intel manage supply disruptions and align with Vietnam's aggressive push to grow its chipmaking industry.",0.8271
2023-01-31 19:15:00,CNBC,https://www.cnbc.com/2023/01/31/why-amd-is-faring-much-better-than-intel-in-the-same-tough-economy.html,Why AMD is faring much better than Intel in the same tough economy,"AMD is showing a much brighter short-term outlook compared to Intel, despite both operating in a difficult chip market. While Intel faces widespread declines, AMD's data center business is experiencing growth, aided by new chip introductions and its acquisition of Xilinx. Both companies are affected by a slumping PC market, but AMD expects to gain market share in that segment and grow its data center revenue at Intel's expense this year.",0.8381
2023-01-27 18:00:00,MarketWatch,https://www.marketwatch.com/story/amd-earnings-face-even-more-scrutiny-after-astonishingly-bad-intel-outlook-11674860408?gaa_at=eafs&gaa_n=AWEtsqdUvWgRmsAXME9IBd9djLzv-7OegjYH95baqsUKHwuePOEmt7VSs7nR&gaa_ts=69076847&gaa_sig=EpT_vEFAjzrJdEXQmJ3bBYOvFBLoVS0B52IiyX1XSOrG2BsZ9U7yiLAKcGyWPQKkFe2wzOpYNsgs5h7F-R6N2A%3D%3D,AMD earnings face even more scrutiny after ‘astonishingly bad’ Intel outlook,"AMD's upcoming earnings report is under increased scrutiny following Intel's ""astonishingly bad"" outlook, particularly regarding inventory and data-center issues. CEO Lisa Su had previously expressed confidence that AMD would end 2022 in a stronger position, and the market will now evaluate that claim in light of rival Intel's struggles. AMD is scheduled to report its results after market close on Tuesday.",0.25
2023-01-26 20:52:00,MarketWatch,https://www.marketwatch.com/story/intel-just-had-its-worst-year-since-the-dot-com-bust-and-it-wont-get-better-anytime-soon-11674784330?gaa_at=eafs&gaa_n=AWEtsqf8d5xB50Q0qOXWMyAQ7wMsMPOjgVjq4R-XvaF1QZYV4a0x6uANU-OJ&gaa_ts=699a88c5&gaa_sig=AQmozfXRd2R7tOfVAkSNnuJp-B2TMTZHoYqJUCMy32poa7-37ht8Qk5e_Qp6-5i1zdWBy07Ki2leOwho2gADhg%3D%3D,"Opinion: Intel just had its worst year since the dot-com bust, and it won’t get better anytime soon","Intel faced its worst financial year since 2001, with annual earnings declining over 60% and revenue dropping more than 20% in 2022. This downturn is attributed to a slump in both PC sales and data centers, with executives forecasting further declines. The company is also losing market share to AMD, indicating a challenging period ahead.",-0.5994
2023-01-23 10:25:00,Reuters,https://www.reuters.com/technology/intel-chairman-omar-ishrak-steps-down-2023-01-23/,Intel Chairman Omar Ishrak steps down,"Intel announced that Chairman Omar Ishrak has stepped down and Frank Yeary has been appointed as his replacement. Ishrak, who became chairman in 2020 and was instrumental in bringing CEO Pat Gelsinger back to the company, will continue to serve as an independent director on Intel's board. Yeary, a long-time Intel director, also serves on the boards of PayPal Holdings and Intel's Mobileye.",0.0
2023-01-11 01:39:00,Reuters,https://www.reuters.com/technology/apple-begin-making-in-house-screens-2024-bloomberg-news-2023-01-11/,Apple to start using in-house screens from 2024 - Bloomberg News,"Apple plans to begin using its own custom displays in mobile devices starting in 2024, aiming to reduce reliance on external suppliers like Samsung and LG. The transition will start with high-end Apple Watches, followed by other devices including the iPhone, and will involve upgrading to microLED technology. This move is part of a broader strategy by Apple to bring more component production in-house, following similar shifts with chips from Broadcom and Intel.",0.3612
2023-01-05 16:16:00,Reuters,https://www.reuters.com/technology/intels-mobileye-sees-17-bln-assisted-driving-product-revenues-by-2030-2023-01-05/,Intel's Mobileye sees $17 bln in assisted-driving product revenues by 2030,"Intel Corp's self-driving tech unit, Mobileye Global Inc., projects over $17 billion in revenues from its advanced driver assistance systems (ADAS) products by 2030. The company, a leading player in the ADAS market, also anticipates an additional $3.5 billion in revenues through 2028 from its autonomous mobility-as-a-service products. Mobileye expects the volume of its SuperVision product-based vehicles to reach 1.2 million units by 2026, driven by strong demand in China.",0.5994
2022-12-17 23:59:00,Reuters,https://www.reuters.com/technology/intel-delaying-german-factory-start-wants-more-subsidies-volksstimme-2022-12-17/,"Intel delaying German factory start, wants more subsidies, Volksstimme reports","Intel Corp has reportedly delayed the start of its chip factory in Magdeburg, Germany, seeking more public subsidies due to rising energy and raw materials costs. The original budget of 17 billion euros has increased to nearly 20 billion euros, and Intel cited geopolitical challenges and decreased semiconductor demand. The company is currently in discussions with the German government to bridge the funding gap.",0.5267
2022-11-10 06:00:16,Reuters,https://www.reuters.com/technology/amd-launches-data-center-cpu-genoa-taps-google-microsoft-customers-2022-11-10/,"AMD launches data center CPU 'Genoa', taps Google, Microsoft as customers (Nov. 10)","AMD has launched its fourth-generation EPYC processor, codenamed ""Genoa,"" for data centers, securing major customers like Microsoft Azure, Google Cloud, and Oracle. This new chip offers significant performance and energy efficiency improvements over its predecessor, translating into lower operational costs for enterprises and cloud data centers. The launch comes as rival Intel faces delays with its own data center chip, and AMD continues to gain market share, boosting its stock by about 14%.",0.9501
2022-10-26 13:19:00,CNBC,https://www.cnbc.com/2022/10/26/mobileye-pops-more-than-30percent-in-ipo-after-spinning-out-of-intel.html,Mobileye pops more than 37% in market debut after spinning out of Intel,"Mobileye, Intel's self-driving car technology company, saw its shares surge over 37% in its stock market debut after spinning out of Intel. The IPO, which valued Mobileye at around $17 billion, raised $861 million, with Intel planning to use some proceeds to build chip factories. This market debut provides a notable tech IPO in a slow year, despite Mobileye's valuation being below Intel's initial expectations.",0.6249
2022-10-25 10:44:00,MarketWatch,https://www.marketwatch.com/story/mobileye-ipo-5-things-to-know-about-the-intel-autonomous-driving-spinoff-11666709086?gaa_at=eafs&gaa_n=AWEtsqeOoIJ8wI62C4hGBzMwF2_6t7UMQyOZ0-IXhYfkyGhsQh1zDmmxpIwE&gaa_ts=690792f6&gaa_sig=yGS7n7gNz3HEnIauHNGoYN4hzMfT9T8VFuNWeqtQRQFSgRNB21BETR9OLH9xmYyWarKkaxbMnI-EzQcM7h4TNQ%3D%3D,Mobileye IPO: 5 things to know about the Intel autonomous-driving spinoff,"Intel's autonomous-driving spinoff Mobileye Global Inc. has returned to the public markets through an IPO, pricing shares at $21, above the targeted range. While Intel initially hoped for a valuation as high as $50 billion, Mobileye's market capitalization is now close to its original acquisition price of $15.3 billion at roughly $16.7 billion due to a struggling IPO market. Mobileye, a pioneer in automated-driving technology, is focusing on a larger market while facing increasing competition.",0.5106
2022-10-11 17:07:02,The Wall Street Journal,https://www.wsj.com/articles/intel-ceo-pushes-to-further-separate-chip-design-production-arms-11665523857?gaa_at=eafs&gaa_n=AWEtsqdPC9AHWGpzVuqZqMIsUP3rIdbUMl9cNjhBpAHVRaRRcBr_rQbgLN6C&gaa_ts=690792f6&gaa_sig=4feQEqSi6S_b4DxmSp-JBWPl2E-vrYRwfcasckVcdJs2X5Jp-OtNyhKilvwPE4abtwhsUTGll2-DXUo23bEfdw%3D%3D,"Intel CEO Pushes to Further Separate Chip-Design, Production Arms","Intel CEO Pat Gelsinger is planning to further separate the company's chip-design and chip-making factory operations. This new structure is intended to allow Intel's factories to function as contract chip-making operations, serving both Intel engineers and external chip companies equally, as part of a broader effort to revamp the company and increase returns.",0.4939
2022-09-30 08:22:20,Barron's,https://www.barrons.com/articles/intel-mobileye-ipo-51664576716?gaa_at=eafs&gaa_n=AWEtsqdufyJCuyIMnqU-U_1KFBwj3Gw56167XK8L4Qq9OLYlyg3TP194rfIJ&gaa_ts=699ac03f&gaa_sig=TDKXLXTZXZVsXtLVV_tNvE-Zf5Iz44v3O_MvdoEOP5O10CCkduk5VV1QlLvtimQy8SNu88Q3HSyPhCLQalc-7g%3D%3D,Intel Files IPO Plans for Its Mobileye Autonomous Driving Unit,Intel has filed paperwork with the SEC for an initial public offering (IPO) of its Mobileye Global unit. Mobileye specializes in developing chips and software for autonomous driving systems. This move indicates Intel's strategy to spin off and potentially raise capital for its autonomous driving business.,0.0
2022-03-30 13:44:16,The Wall Street Journal,https://www.wsj.com/tech/intel-ceo-received-nearly-180-million-in-compensation-in-2021-11648657807?gaa_at=eafs&gaa_n=AWEtsqfcjw9y5-_gl_TIs1k94yrAhzlFk5EB06jC_IErEE-J7SkK7jroYhUW&gaa_ts=699b0bb2&gaa_sig=E5gAQXu5j2OCOLybQyeiVoyn314IwotEEOdzeJbaPJgoURwfI68WcFk8gwCamjgFNYsnT-6-pkeTtBa6uQ7Q7w%3D%3D,Intel Gave CEO Pay Package Worth Nearly $180 Million Amid Turnaround Effort,"Intel's CEO, Pat Gelsinger, received a compensation package worth nearly $180 million for 2021, much of which is tied to the company's stock performance. This substantial pay aims to incentivize a significant turnaround at the chip giant. The package placed him as the second-highest-paid CEO among S&P 500 companies for the year.",0.4767
2022-03-15 10:11:00,CNBC,https://www.cnbc.com/2022/03/15/intel-commits-36-billion-to-making-chips-in-europe.html,Intel commits $36 billion to making chips in Europe,"Intel announced plans to invest over 33 billion euros ($36 billion) to boost chipmaking in the European Union, aiming to reduce the bloc's reliance on external semiconductor sources. This includes building two new factories in Magdeburg, Germany, creating an R&D and design hub in France, and investing in other European countries like Ireland, Italy, Poland, and Spain. The investment is part of Intel's broader commitment to spend up to 80 billion euros in Europe over the next decade, aligning with the EU's new European Chips Act to strengthen its semiconductor sector.",0.8834
2022-02-18 14:03:00,CNBC,https://www.cnbc.com/2022/02/18/intel-delays-granite-rapids-says-it-needs-to-boost-spending.html,"Intel delays 2023 server chip, says it needs to boost spending to catch competitors","Intel announced it would need to significantly increase spending over the next two years to fund its turnaround and transformation into a semiconductor manufacturer. The company also confirmed that the release of its forthcoming server chip, codenamed Granite Rapids, has been pushed from 2023 to 2024. This delay and investment strategy led to a drop in Intel's stock as investors questioned the impact on profit margins and the capital-intensive nature of its new foundry business.",0.1027
2022-02-15 18:57:07,The Wall Street Journal,https://www.wsj.com/finance/stocks/tower-semiconductor-crowdstrike-larimar-arista-what-to-watch-in-the-stock-market-today-11644926869?gaa_at=eafs&gaa_n=AWEtsqcpY6T89vBtPKI4624GdJ9LKb1XYXRXA5723kuM0Vtiw8K27G_NMkKo&gaa_ts=6907ac8c&gaa_sig=AzxU71xIhQeR7XFkmQBvV8XJLQwxPjnmNEUNKjg_5zMebslzynAhGslkYQIjZiPYbkAiKxXZFTtJ6w2Epni_9Q%3D%3D,"Virgin Galactic, Tower Semiconductor, CrowdStrike, Bitcoin: What to Watch in the Stock Market Today","This article highlights key market movers, including Intel's acquisition of Tower Semiconductor, Arista Networks exceeding earnings expectations, and the gains in cybersecurity stocks due to potential cyberattack concerns. It also notes Bitcoin's rise and Virgin Galactic's upcoming public ticket sales, alongside mixed results for other major tech and hospitality companies.",0.34
2022-02-04 13:32:00,CNBC,https://www.cnbc.com/2022/02/04/tsmc-intel-ramp-up-spending-as-semiconductor-demand-booms.html,Chip giants are ramping up spending by the billions as semiconductor demand booms,"Major semiconductor companies like TSMC and Intel are investing billions into new fabrication plants and research to meet the booming global demand for chips, despite the ongoing chip shortage. TSMC plans to spend $100 billion over three years, while Intel announced a $20 billion investment in Arizona. Analysts expect a ""choppy"" recovery from the shortage in the short term, but demand is projected to continue increasing, benefiting suppliers like ASML and Applied Materials.",0.25
2022-01-27 10:01:00,MarketWatch,https://www.marketwatch.com/story/intel-has-another-shoe-to-drop-following-margin-declines-weak-pc-sales-on-horizon-11643295695?gaa_at=eafs&gaa_n=AWEtsqcZsmo-9lW54qUcSpVm353Tooe5ujF0MTBBMMHUIJ6UJ6l19MIGHPIk&gaa_ts=690792f2&gaa_sig=3aHKgfUuYELWxYToDJFxw_7EHC-VvF4r0gt4OschxBH2FJ1ZMOBWrVEITercafHbvJ6onoIJSyrbnyWMwNH_Fw%3D%3D,"Intel stock hits lowest price in more than a year, and there is another shoe to drop",Intel's stock dropped over 6% to its lowest point in more than a year after analysts warned of potential troubles beyond falling margins: an impending oversupply of PCs. This oversupply is expected to severely impact Intel's largest business segment. The stock's performance made it the worst performer on the Dow Jones Industrial Average Thursday.,-0.9371
2022-01-26 16:19:00,MarketWatch,https://www.marketwatch.com/story/intel-stock-declines-as-earnings-outlook-misses-street-view-following-beat-on-quarter-11643231998?gaa_at=eafs&gaa_n=AWEtsqcDBIVHEMiIpxCU4SVc63un9CJ6ZYHxNuCxl9jTEyrI68kpjmFG1T7y&gaa_ts=690792df&gaa_sig=2iDfiI1bSevCWRHV1qyoFEwYgPhwKDD7OGeonFGrJqd6Okc8MpLUAdpDGOps-TOaVC61M2Sbaz82qK0YgY4Flw%3D%3D,"Intel stock punished again as slimmer profit margins ding earnings forecast, but CEO sticks to his plan","Intel's stock was punished again after the company's earnings forecast was dinged by slimmer profit margins, despite CEO Gelsinger sticking to his long-term plan for building out manufacturing capacity. The chip maker expects profit margins to remain under pressure for an extended period, leading to a disappointing earnings guidance that fell below Wall Street expectations. Intel forecast GAAP gross margins of 49% and non-GAAP margins of 52% for the first quarter, with expected GAAP earnings of 70 cents a share and non-GAAP earnings of 80 cents a share.",-0.3182
2022-01-21 15:29:07,AP News,https://apnews.com/article/technology-business-lifestyle-games-video-games-cb3e3a36f48416a25b5d00baa405f91a,Intel to build $20B Ohio chip facility amid global shortage,"Intel announced its plan to invest $20 billion in building a new chip manufacturing facility in Ohio to help address the global chip shortage and boost domestic production. The project, involving two factories, is expected to create thousands of jobs and establish a new technology hub. This significant investment is also intended to support U.S. national security by increasing the domestic supply of crucial microprocessors.",0.886
2021-11-28 17:38:29,Barron's,https://www.barrons.com/articles/al-gore-intel-stock-alibaba-51637777827?gaa_at=eafs&gaa_n=AWEtsqd55oDNRoI2CpdqjpXmytxqcWm5DXEss9GXXG-argN8aWvJ99ByXmDW&gaa_ts=699b4297&gaa_sig=8WLPv0DhT8FzNNXctkeVkIfaMoDs0LLVYCl88NVloqV7DxPobCO7hTIek4tl0kKEo26zByY6mlKurKLRDGdsNA%3D%3D,Al Gore’s Firm Bought Intel and Alibaba Stock. It Sold Texas Instruments.,"Al Gore's firm, Generation Investment Management, significantly adjusted its U.S.-traded investments in the third quarter. The firm doubled its stake in Intel and increased its holdings in Alibaba, while simultaneously reducing its position in Texas Instruments by half.",0.2732
2021-11-24 02:07:00,CNBC,https://www.cnbc.com/2021/11/24/asml-the-biggest-company-in-europe-youve-probably-never-heard-of.html,Investors are going wild over a Dutch chip firm. And you've probably never heard of it,"ASML, a Dutch chip firm, holds a critical monopoly in manufacturing the highly complex extreme ultraviolet lithography (EUV) machines essential for producing the most advanced chips. Despite its significant market value of $350 billion and being crucial to major chipmakers like TSMC, Samsung, and Intel, many investors may not be familiar with the company. Demand for ASML's machines is projected to lead to a significant sales boom over the next decade, with annual revenue expected to hit 24-30 billion euros by 2025.",0.298
2021-11-06 17:15:26,CNBC,https://www.cnbc.com/2021/11/06/how-intel-plans-to-catch-up-to-samsung-and-tsmc-with-44-billion-of-new-global-chip-fabs.html,How Intel plans to catch Samsung and TSMC and regain its dominance in the chip market,"Intel CEO Pat Gelsinger has outlined an ambitious plan to regain dominance in the chip market by 2025, aiming to surpass competitors Samsung and TSMC. The strategy involves significant investment in new fabrication plants globally, totaling over $44 billion, and opening Intel's fabs to other companies through Intel Foundry Services. This move addresses past production missteps and aims to leverage government subsidies like the CHIPS Act to boost U.S. chip manufacturing.",0.872
2021-10-17 20:02:00,MarketWatch,https://www.marketwatch.com/story/intel-ceo-pat-gelsinger-hopes-to-win-back-apple-by-outcompeting-it-11634515343?gaa_at=eafs&gaa_n=AWEtsqeVFmgV5KU606QBGxtK3zvb-QWlSpPzjHWKFRlI6pIu-WEOqNGCN8dO&gaa_ts=6907c309&gaa_sig=V0GObfA4JOQbZc-CI9PnrVX8RHhEWKJpZIRxHqKPJNkXTDkpC6ZF_qAbpASfbCzODjtRW2FxQPCMbs__MOqQ_g%3D%3D,Intel CEO Pat Gelsinger hopes to win back Apple by outcompeting it,"Intel CEO Pat Gelsinger expressed his hope to regain Apple as a customer, acknowledging that Intel will need to outperform Apple to achieve this. Gelsinger stated that he doesn't blame Apple for choosing to produce its own chips over using Intel's. He emphasized the necessity of Intel's products being superior to Apple's.",0.8144
2021-03-24 08:43:00,Reuters,https://www.reuters.com/world/asia-pacific/intel-doubles-down-chip-manufacturing-plans-20-billion-new-arizona-sites-2021-03-23/,Intel to spend $20 billion on U.S. chip plants as CEO challenges Asia dominance,"Intel announced plans to invest $20 billion in two new chip manufacturing plants in Arizona, aiming to expand its advanced chip production and open its factories to outside customers. This move by CEO Pat Gelsinger directly challenges the dominance of TSMC and Samsung in the advanced chip market and seeks to shift the technological balance of power back to the U.S. and Europe. The company expects $72 billion in revenue and adjusted earnings per share of $4.55 for 2021, and the new strategy is intended to restore Intel's reputation and create 3,000 permanent jobs.",0.8979
